id,title,abstract,current_theme,current_domain,confidence,source_model,sonnet_theme,sonnet_domain,agree_theme,agree_domain,human_theme,human_domain,human_notes
6a26bf1d2b6042b76389bc4d,Order-disorder transition and Na-ion redistribution in NASICON-type NaFeCr(PO),"We report the temperature-dependent synchrotron based X-ray diffraction analysis of NASICON type Na$_3$FeCr(PO$_4$)$_3$ sample, which undergoes a symmetry-lowering structural transition from a monoclinic ($C2/c$) phase with long-range Na-vacancy order to a rhombohedral ($R\bar{3}c$) phase with statistical disordered Na ions. The [FeCr(PO$_4$)$_3$] polyanionic framework remains essentially unchanged, confirming that the transition is governed by redistribution of the Na sublattice rather than by ",Advanced Materials & Devices,Ferroelectric & Magnetic Ceramics,0.92,haiku,"Energy, Sustainability & Climate Change",Energy Storage Materials,N,N,,,
69deca5f4e2d2a5b77edd341,Efficient power sharing approach for photovoltaic generation based microgrids,"A control strategy is formulated for photovoltaic generators (PVG) operating in parallel in a Microgrid. A radial microgrid is considered and when it is isolated from the utility grid, the PVG's must operate in the voltage-frequency control mode in the absence of a storage or a diesel generator unit. It is observed that the conventional P-f and Q-v droop control method fails to deliver correct power references for inverters operating in parallel when network impedance is unequal, and therefore a",Smart & Sustainable Infrastructure,Power Systems & Grid Control,0.92,haiku,"Energy, Sustainability & Climate Change",Grid Integration & Smart Microgrids,N,N,,,
6a26bf2f2b6042b76389bd0b,"zeroInertiaFlowFOAM–a OpenFOAM®-based computationally efficient, mass-conservative, implicit zero-inertia flow model for flood inundation problems on collocated grid-systems.","… The ZI model is computationally efficient and highly accurate compared to the SW models for modeling low subcritical (Froude number < 0.5) flood propagation problems. The current study presents a Finite Volume (FV) method-based ZI flow model - zeroInertiaFlowFOAM, developed using the OpenFOAM® framework [1]. The model utilizes the implicit time discretization scheme and the Picard iteration scheme for the linearization of the non-linear momentum equation. The stabilized and adaptive time-stepp",Smart & Sustainable Infrastructure,Hydrology & Water Resources Management,0.92,haiku,"AI/ML, Supercomputing & Quantum Computing",Computational Fluid Dynamics & Flow Analysis,N,N,,,
69deca1c4e2d2a5b77ed3e54,Influence of reinforcement and lubrication on abrasive wear performance of polyamide,"This paper presents the results of studies on the wear performance of various composites of polyamide (nylon 6,6) reinforced with short carbon fibres and lubricated with a solid lubricant, PTFE, under adverse sliding conditions (abrasive wear). The effects of increasing amounts of fillers, fibre orientation, and experimental parameters such as load, and abrading particle size were investigated. The studies revealed that fillers that are very much suitable for adhesive wear applications are detri",Manufacturing & Industry 4.0,Tribology & Bearing Performance,0.92,haiku,Advanced Materials & Devices,Polymer Nanocomposites & Blends,N,N,,,
6a26bb922b6042b76389a04b,Analysis of Different Transition Techniques for Non-isolated Bidirectional DC-DC Converters,"This work is aimed at making an objective comparison of the mode transition techniques reported for the non-isolated bidirectional dc-dc converters (BDCs) such as synchronous buck converter, non-inverting buck-boost converter, dual active bridge (DAB), etc. The analysis is carried out by creating a mathematical models for these transition techniques. A comparison has been made based on the type of transition technique, time requirement, and other important factors to achieve a smooth transient r","Energy, Sustainability & Climate Change",Electric Vehicle Battery & Charging Systems,0.92,sonnet,Manufacturing & Industry 4.0,Electric Motor Drives & Power Electronics,N,N,,,
69deca064e2d2a5b77ed0ac5,Upcycling Textile Waste to Fiber Reinforced Polymer Composites,(No abstract available),Advanced Materials & Devices,Composite & Laminate Structures,0.85,haiku,Manufacturing & Industry 4.0,"Materials, Joining & Mechanical Behavior",N,N,,,
69deca5f4e2d2a5b77edd34b,Dynamic response of nonlinear electrical analogue hydroelectric turbine model,"Nonlinear model of hydroelectric turbine model with elastic water column in penstock consider the effects which cause travelling waves: pressure and flow due to elasticity of steel in penstock and compressibility of water. This paper proposes two nonlinear electrical analogue turbine models of hydroelectric plants, non-dissipative model and approximated model. Dynamic response of the proposed model is compared with the nonlinear travelling wave model. Frequency response analysis of approximated ",Smart & Sustainable Infrastructure,Power Systems & Grid Control,0.78,haiku,"Energy, Sustainability & Climate Change",Grid Integration & Smart Microgrids,N,N,,,
69deca0a4e2d2a5b77ed1477,Path diminution in node-disjoint multipath routing for mobile ad hoc networks is unavoidable with single route discovery,"In an ad hoc network, identification of all node-disjoint paths between a given pair of nodes is a challenging task. The phenomena that a protocol is not able to identify all node-disjoint paths that exist between a given pair of nodes is called path diminution. In this paper, we discuss that path diminution is unavoidable when a protocol discovers multiple node-disjoint paths in a single route discovery. We discuss schemes to mitigate path diminution. However, no such scheme is guaranteed to di","AI/ML, Supercomputing & Quantum Computing",Algorithms & Computational Complexity,0.75,haiku,Next-Gen Communication,Wireless Network Access & Resource Allocation,N,N,,,
69deca104e2d2a5b77ed2398,Improvements in the performance of self-excited induction generator through series compensation,"Improvements in the performance of a three-phase self-excited induction generator (SEIG) through series compensation are investigated. Both methods, namely short-shunt and long-shunt configurations, of capacitive series compensation for the SEIG are analysed and compared for the selection of capacitive elements. Computed results are compared with experimental results for resistive and inductive loads to verify the developed algorithm and design of such a system. © IEE, 1999.",Smart & Sustainable Infrastructure,Power Systems & Grid Control,0.75,haiku,"Energy, Sustainability & Climate Change",Grid Integration & Smart Microgrids,N,N,,,
69deca514e2d2a5b77edb869,Synthesis of 1-methyl-4-nitro-5-substituted-imidazole and substituted imidazolothiazole derivates as possible antiparasitic agents,(No abstract available),Healthcare & MedTech,Drug Delivery & Molecular Therapeutics,0.75,haiku,Advanced Materials & Devices,Organometallic & Chalcogenide Synthesis,N,N,,,
69deca624e2d2a5b77edd973,Discovering and leveraging communities in dark multi-layered networks for network disruption,"In this paper we introduce a methodology to identify communities in dark multilayered networks, taking into account that the main challenges of these networks are incompleteness, fuzzy boundaries, and dynamic behavior. To account for these characteristics, we create knowledge sharing communities (KSC) that determine the community detection. KSC is driven by weighing the edge attributes as desired for the application that the communities are used. We provide an interactive algorithm that allows t","AI/ML, Supercomputing & Quantum Computing",Algorithms & Computational Complexity,0.75,haiku,"Social Sciences, Humanities & Management",Social Media Analytics & Online Networks,N,N,,,
69deca504e2d2a5b77edb6fa,"Next generation bioformulation prepared by amalgamating Bradyrhizobium, cell free culture supernatant, and exopolysaccharides enhances the indigenous rhizospheric rhizobial population, nodulation, and productivity of pigeon pea","Addition of living cells for plant growth promotion has several constraints including erratic and inconsistent field performance, poor shelf life, and reduced population due to tough competition with resident microbes. Due to the focus on employing cell-based formulation, bacterial cell free culture supernatant (CFCS), and metabolites produced by them, have been largely ignored. Hence, present study aimed to enhance productivity and nodulation of Cajanus cajan (pigeon pea) by using diverse formu",Manufacturing & Industry 4.0,Biomanufacturing & Fermentation Processes,0.75,haiku,"Energy, Sustainability & Climate Change",Environmental Assessment & Land Use Management,N,N,,,
69deca154e2d2a5b77ed2e2c,Study on flow and heat transfer characteristics of Encapsulated Phase Change Material (EPCM) slurry in Double-Pipe Heat Exchanger,"Microencapsulated phase change material (MPCM) slurry as a working fluid was numerically investigated for thermal energy conservation systems due to its high heat capacity associated with the PCM. A mathematical model of a double pipe heat exchanger was developed to conduct the numerical analysis based on the Eulerian-Eulerian flow model. During simulation, it was considered that MPCM slurry flows through the inside pipe of the heat exchanger, whereas high-temperature plain water flows at the an",Manufacturing & Industry 4.0,Fluid-Particle Flow & Multiphase Systems,0.75,haiku,"Energy, Sustainability & Climate Change",Solar Thermal Energy & Heat Transfer Systems,N,N,,,
69deca574e2d2a5b77edc768,CoSP approach for the synthesis of blue MoO3 nanoparticles for application as hole transport layer (HTL) in organic solar cells,"The synthesis of MoO<inf>3</inf> nanoparticles is reported using a Continuous Spray Pyrolysis (CoSP) reactor and the influence of zone temperature, precursor concentration on the structural and morphological properties is investigated. The collected nanoparticles are utilized to prepare thin films by spin coating and further annealing at various temperatures. The improvement in morphology, crystallinity and the band gap shift shows the effectiveness of the annealing treatment in creating a prope",Quantum Technologies & Semiconductor Technology,Semiconductor Photovoltaic & Photodetection Devices,0.75,haiku,"Energy, Sustainability & Climate Change",Next-Generation Photovoltaic Materials,N,N,,,
69deca264e2d2a5b77ed59d4,Apache Wayang: A Unified Data Analytics Framework,The large variety of specialized data processing platforms and the increased complexity of data analytics has led to the need for unifying data analytics within a single framework. Such a framework should free users from the burden of (i) choosing the right platform( s) and (ii) gluing code between the different parts of their pipelines. Apache Wayang (Incubating) is the only open-source framework that provides a systematic solution to unified data analytics by integrating multiple heterogeneous,"Social Sciences, Humanities & Management",Digital Transformation & IT Applications,0.72,haiku,"AI/ML, Supercomputing & Quantum Computing",Algorithms & Computational Complexity,N,N,,,
69deca194e2d2a5b77ed398f,A Comparative performance simulation of natural and synthetic sound absorbers in room acoustic applications,"This is an initial study of performance simulation of waste jute fibers in room acoustic applications. A ray acoustic simulation of a small lecture hall is performed in COMSOL multiphysics. The response of the lecture hall is simulated without any sound-absorbing materials. After that, the walls of the lecture hall are treated with waste jute fibers and commercial glass wool. The performance of the materials is quantified by the resultant field sound pressure level, sound intensity level, and so",Smart & Sustainable Infrastructure,Building Energy & Thermal Performance,0.72,haiku,Advanced Materials & Devices,Bio-based Materials & Polymers,N,N,,,
69deca5e4e2d2a5b77edd13b,"A COMPARATIVE ASSESSMENT OF THE DYNAMIC RESPONSES OF SOLID PLATE, STIFFENED PLATE, AND SANDWICH PLATE OF EQUAL MASSES UNDER EXPLOSIVE LOADINGS","For making a protective structure, the AL6XN steel has high ductility and excellent strength, and in the current study, it is used for making protective structures. The present work deals with a cost-effective numerical analysis of the protective structures’ blast performance. To investigate the significant effects on the air blast mitigation of a solid plate, a stiffened plate, and a sandwich plate of equal masses, their quarter parts are modeled. The use of quarter models significantly reduces",Manufacturing & Industry 4.0,"Materials, Joining & Mechanical Behavior",0.72,haiku,Smart & Sustainable Infrastructure,Structural Dynamics & Seismic Engineering,N,N,,,
69deca144e2d2a5b77ed2d70,Analytical survivability model for fault tolerant cellular networks supporting multiple services,"Survivability analysis measure the degree of functionality remaining in a system after failures. It consists of evaluating metrics which quantify the system performance during failure scenarios as well as in normal operation. Existing research work in this area discusses fault tolerant architecture of cellular networks and analyze impact of failures on the network performance through simulation models. In order to quantitatively assess the effect of failures on cellular networks, we develop anal",Smart & Sustainable Infrastructure,Power Systems & Grid Control,0.72,haiku,Next-Gen Communication,Wireless Network Access & Resource Allocation,N,N,,,
69deca024e2d2a5b77ed0078,"BF3·Et2O Catalysed 4-Aryl-3-phenyl-benzopyrones, Pro-SERMs, and Their Characterization","We have synthesized the novel 4-(4-hydroxy-benzyl)-3-phenyl-chromen-2-one which is a precursor of SERMs with a smaller number of steps and good yield. Two methodologies for the synthesis have been worked out. Anhydrous BF<inf>3</inf>·Et<inf>2</inf>O catalyzed reaction was found to be selective for product formation while anhydrous AlCl<inf>3</inf>, FeCl<inf>3</inf>, and SnCl<inf>4</inf> catalyzed ones were nonselective.",Advanced Materials & Devices,Organometallic & Chalcogenide Synthesis,0.72,haiku,Healthcare & MedTech,Drug Delivery & Molecular Therapeutics,N,N,,,
69dec9f74e2d2a5b77ece743,Uniformly strained anisotropic elastoplastic rods: Determination of elastoplastic constitutive relations and yield surface in terms of rod's variables,"This work presents a formulation for the elastoplastic deformation of the rod's cross-section wherein the rod material can obey an arbitrary three-dimensional stored energy density model together with a rate-independent arbitrary phenomenological plasticity model. In order to do so, we impose a uniform strain field along the rod's arc-length which reduces the three-dimensional nonlinear elastoplastic rod problem to just its cross-section. To solve this elastoplastic cross-sectional deformation p",Manufacturing & Industry 4.0,"Materials, Joining & Mechanical Behavior",0.72,haiku,Advanced Materials & Devices,Composite & Laminate Structures,N,N,,,
69deca204e2d2a5b77ed4a80,EEG signal classification,"The article describes the classification of simple movements using a system based on Hidden Markov Models (HMM). Brisk extensions and flexions of the index finger, and movements of the proximal arm (shoulder) and distal arm (finger) were classified using scalp EEG signals. The aim of our study was to develop a system for the classification of movements which show EEG changes at identical scalp electrodes of one hemisphere. The classification of EEG patterns related to movements of one hand is di",Healthcare & MedTech,Clinical AI & Medical Imaging Analytics,0.72,haiku,"AI/ML, Supercomputing & Quantum Computing",Machine Learning & Neural Networks,N,N,,,
69deca274e2d2a5b77ed5ba8,Improving measurement geometry for accurate classification of scattered field data,We study the problem of object recognition/ classification using microwave scattering by examining the non-redundant information content in the scattered field data. A broad synthetic forward data is generated using the finite-difference frequency-domain (FDFD) method. A simple correlation coefficient based (CCB) measure is introduced to examine the diversity in the measured data from objects of different shapes and dielectric permittivity. This scattered data is further fed directly to a suppor,Next-Gen Communication,"Signal Modulation, Detection & Channel Equalization",0.72,haiku,"AI/ML, Supercomputing & Quantum Computing",Machine Learning & Neural Networks,N,N,,,
69deca3d4e2d2a5b77ed86a4,Facile low temperature synthesis of bismuth molybdate stabilized ferricyanide and ferrocyanide nanocomposites for the degradation of organic pollutants,"Recently, the development of environment friendly and green solutions to remediate water resource pollution has received global attention. Bismuth molybdates are considered among the most intriguing materials, due to their unique characteristics and emerging demands, such as ion conductors, photoconductors, sensors and photocatalysts. Owing to their outstanding employment, we aimed to fabricate the visible light active bismuth molybdate stabilized ferricyanide and ferrocyanide nanocomposites. Th","Energy, Sustainability & Climate Change",Environmental Assessment & Land Use Management,0.65,haiku,Advanced Materials & Devices,Organometallic & Chalcogenide Synthesis,N,N,,,
69deca144e2d2a5b77ed2b8d,Extraction and characterization of silk sericin,"Study compares the quality and quantity of sericin obtained from four sources, namely mulberry silk cocoons, silk flats, reeling silk waste and woven silk fabric. Sericin has been extracted using the conventional HTHP machine as well as IR heating machine. Results show that among the four sources, the maximum yield of sericin (28%) is obtained from silk fabric followed by 25% sericin obtained from silk flats. IR machine extraction gives ∼13 times higher yield of sericin as compared to that obtai",Manufacturing & Industry 4.0,Advanced Surface Finishing & Processing,0.65,haiku,Advanced Materials & Devices,Bio-based Materials & Polymers,N,N,,,
69deca4d4e2d2a5b77edaeb4,A conceptual method to assess ship-helicopter dynamic interface,"The combined operation of a ship and a helicopter is ubiquitous in every naval organization. The operation of a ship in combination with the landing and take-off operations of a helicopter results in a very complex flow phenomenon. This is due to the presence of ship airwakes, strong velocity gradients and widely varying turbulence length scales. An accurate assessment of the resultant flow phenomena is an outstanding challenge for naval architects as well as researchers. A conceptual method to ",Manufacturing & Industry 4.0,Fluid-Particle Flow & Multiphase Systems,0.45,sonnet,Smart & Sustainable Infrastructure,Transportation Systems & Traffic Management,N,N,,,
69deca434e2d2a5b77ed9638,Journey to implement Toyota production system – a case study,The paper presents the initiative taken by leading automobile Original Equipment Manufacturer &lpar;oem&rpar; XYZ in India for their implementation of Toyota Production System &lpar;TPS&rpar; to meet competitor&rsquo;s challenge and its efforts to benchmark against its principle located in Japan. The paper deals with a programme involving vendor upgradation and related TPS initiatives. The paper concludes that such efforts will definitely help XYZ to optimize its productivity and to meet competi,"Social Sciences, Humanities & Management",Supply Chain & Operations Management,0.45,sonnet,Manufacturing & Industry 4.0,Supply Chain & Operations Management (invalid for sonnet_theme),N,,,,
69deca454e2d2a5b77ed98bd,Exploring relationships between Lean 4.0 and manufacturing industry,"Purpose: Over the past few decades, lean manufacturing has focussed on being customer-centred and now Lean 4.0 technologies have made it possible for manufacturers to have a deeper view of waste reduction. Technologies such as the internet of things, artificial intelligence, three-dimensional printing, robotics, real-time data, cloud computing, predictive analytics and augmented reality, are helpful to achieve Lean 4.0. This study aims to develop the conceptual understanding of Lean 4.0, related","Social Sciences, Humanities & Management",Supply Chain & Operations Management,0.45,sonnet,Manufacturing & Industry 4.0,Supply Chain & Operations Management (invalid for sonnet_theme),N,,,,
69deca4b4e2d2a5b77edab7a,FPGA-based smart camera system for real-time automated video surveillance,"Automated video surveillance is a rapidly evolving area and has been gaining importance in the research community in recent years due to its capabilities of performing more efficient and effective surveillance by employing smart cameras. In this article, we present the design and implementation of an FPGA-based smart camera system for automated video surveillance. The complete system is prototyped on Xilinx ML510 FPGA platform and meets the real-time requirements of video surveillance applicatio",Smart & Sustainable Infrastructure,Transportation Systems & Traffic Management,0.45,sonnet,"AI/ML, Supercomputing & Quantum Computing",Machine Learning & Neural Networks,N,N,,,
69deca4c4e2d2a5b77edac0b,Biometrics based asymmetric cryptosystem design using modified fuzzy vault scheme,We propose a novel biometrics cryptosystem where one can send and receive secure information using just the fingerprints. This cryptosystem is a judicious blend of the asymmetric cryptosystem like RSA and the symmetric Fuzzy Vault Scheme having the advantages of both the aforementioned cryptosystems. We have proposed a modification of the Fuzzy Vault Scheme to make it more robust against variations in the values of biometric features. Finally we propose the use of invariant features as a key to ,Next-Gen Communication,"Signal Modulation, Detection & Channel Equalization",0.45,sonnet,Quantum Technologies & Semiconductor Technology,Ultra-Low Voltage Analog Circuits,N,N,,,
69dec9fe4e2d2a5b77ecf5c7,Multi-hop routing of multi-terminal nets for evaluation of hybrid multi-FPGA boards,"In rapid prototyping system application, any large digital circuit can be implemented onto Multi-FPGA Board(MFB). Key MFB architectural feature is its inter-FPGA connections consisting of fixed connections(FC) i.e. FPGA-FPGA connections and programmable connections(PC) i.e. FPGA-programmable switch like FPID-FPGA. MFBs consisting of both the types of connections are known as hybrid MFBs. Since, PC requires two wires as against one wire in FC, MFB must have minimum number of PCs to keep fabricati",Quantum Technologies & Semiconductor Technology,Ultra-Low Voltage Analog Circuits,0.45,sonnet,"AI/ML, Supercomputing & Quantum Computing",Algorithms & Computational Complexity,N,N,,,
6a26bf072b6042b76389bb89,Map of Incoherent Internal Tides in the World's Oceans,"Abstract
               Moored current, temperature, and conductivity measurements are used to study the temporal variability of M2 internal tide generation above the Kaena Ridge, between the Hawaiian islands of Oahu and Kauai. The energy conversion from the barotropic to baroclinic tide measured near the ridge crest varies by a factor of 2 over the 6-month mooring deployment (0.5–1.1 W m−2). The energy flux measured just off the ridge undergoes a similar modulation as the ridge conversion. The ",Smart & Sustainable Infrastructure,Hydrology & Water Resources Management,0.42,sonnet,"Energy, Sustainability & Climate Change",Monsoon Dynamics & Regional Climate Modeling,N,N,,,
69deca5e4e2d2a5b77edd119,Parametric Optimization of Joints and Links of Space Deployable Antenna Truss Structure,"With the volcanic proliferation in high bandwidth communication, space-borne antennas are required to have Large Diameter Reflectors (LDR) of size 6 m or more which will cater to the requirements of high bandwidth data transmission. Space deployable antenna structures are a buzzword today which are required to occupy compact volume during launching due to space crunch in, state-of-the-art, contemporary launch vehicles. These compact geometric topologies are later deployable to the full configura",Manufacturing & Industry 4.0,"Materials, Joining & Mechanical Behavior",0.42,sonnet,Smart & Sustainable Infrastructure,Structural Dynamics & Seismic Engineering,N,N,,,
69deca634e2d2a5b77eddd49,Prospecting bipartite dark matter through gravitational waves,"We explore the gravitational wave probes of a two-component dark matter framework, consisting of an SU(2) <inf>L</inf> triplet scalar and a Standard Model singlet fermion. The triplet scalar dark matter typically remains underabundant in the region below ∼ 1.9 TeV, due to the strong SU(2) <inf>L</inf> gauge mediated interactions. We introduce a second dark matter component, an SU(2) <inf>L</inf> singlet vector-like Dirac fermion, to address this deficit in the dark matter relic abundance within ","AI/ML, Supercomputing & Quantum Computing",Algorithms & Computational Complexity,0.35,sonnet,"Energy, Sustainability & Climate Change",Monsoon Dynamics & Regional Climate Modeling,N,N,,,
69deca294e2d2a5b77ed5fee,Assessment of bone ingrowth around beaded coated tibial implant for total ankle replacement using mechanoregulatory algorithm,"The long-term performance of porous coated tibial implants for total ankle replacement (TAR) primarily depends on the extent of bone ingrowth at the bone-implant interface. Although attempts were made for primary fixation for immediate post-operative stability, no investigation was conducted on secondary fixation. The aim of this study is to assess bone ingrowth around the porous beaded coated tibial implant for TAR using a mechanoregulatory algorithm. A realistic macroscale finite element (FE) ",Healthcare & MedTech,Biomechanics & Musculoskeletal Systems,0.92,haiku,Healthcare & MedTech,Tissue Engineering & Regenerative Medicine,Y,N,,,
69deca014e2d2a5b77ecfeb4,Understanding students’ technology acceptance behaviour: A meta-analytic study,"Students' acceptance of various technologies in their learning process has long been of interest to academics and practitioners. Amongst other models, the Technology Acceptance Model (TAM) has predominated in this area. Nevertheless, there has not been a single empirical study that has analyzed and compiled the results of all these TAM-based studies. As a result, we perform a comprehensive meta-analysis and apply Meta-Analytic Structural Equation Modelling (MASEM) for a conceptual framework to a","Social Sciences, Humanities & Management",Digital Transformation & IT Applications,0.92,haiku,"Social Sciences, Humanities & Management",Digital Culture & Consumer Experience,Y,N,,,
69deca5f4e2d2a5b77edd3f5,Shape features as biomarkers in early Parkinson's disease,"In vivo dopaminergic imaging through [123I]FP-CIT Single Photon Emission Computerized Tomography (SPECT) provide useful information which enhances the accuracy of diagnosis of PD. Such imaging techniques have given rise to new class of subjects termed scans without evidence of dopaminergic Deficit (SWEDD) subjects, who are clinically diagnosed as PD but show normal dopaminergic scans. Although it is now established that the appearance of striatal uptake patterns, as seen in the SPECT images, cha",Healthcare & MedTech,Clinical Diagnostics & Biomarkers,0.92,haiku,Healthcare & MedTech,Clinical AI & Medical Imaging Analytics,Y,N,,,
69deca324e2d2a5b77ed7471,EDF-Based edge-filter interrogation scheme for FBG sensors,"A fiber Bragg grating (FBG) sensor employing an interrogation scheme based on erbium-doped fiber (EDF) edge detection filter, with enhanced detection bandwidth and intrinsic temperature insensitivity, is proposed and experimentally demonstrated. The edge filter is based on the spectral dependence of absorption in EDF with the possibility of tailoring the absorption profile using appropriate lengths of EDF. A wide filter bandwidth of about 10 nm and a slope detection sensitivity of 1.0 dB/nm in t",Quantum Technologies & Semiconductor Technology,Fiber Photonic Devices & Engineering,0.85,haiku,Quantum Technologies & Semiconductor Technology,Plasmonic & Fiber Optic Sensors,Y,N,,,
69deca4e4e2d2a5b77edb227,A Grid-Connected Single-Phase Transformerless Inverter Controlling Two Solar PV Arrays Operating under Different Atmospheric Conditions,"A grid-connected single-phase transformerless inverter that can operate two serially connected solar photovoltaic (PV) subarrays at their respective maximum power points while each one of them is exposed to different atmospheric conditions is proposed in this paper. As two subarrays are connected in series, the number of serially connected modules within a subarray is reduced to half. Reduction in the number of serially connected PV modules within a subarray leads to an overall improvement in th","Energy, Sustainability & Climate Change",Next-Generation Photovoltaic Materials,0.75,haiku,"Energy, Sustainability & Climate Change",Grid Integration & Smart Microgrids,Y,N,,,
69deca5f4e2d2a5b77edd31c,Techno-economical analysis for PV based water pumping system under partial shading/mismatching phenomena,"Partial shading and/or mismatching phenomena in Photovoltaic (PV) based system cause reduced extraction of PV power and thus adversely impact the performance of PV based system; especially in case of stand-alone PV systems. In this paper four different configurations namely single stage PV system, centralized DC-DC converter based PV system, PV panel level Distributed maximum power point tracking (DMPPT) based PV system and PV module level DMPPT based PV system are considered for water pumping a","Energy, Sustainability & Climate Change",Next-Generation Photovoltaic Materials,0.75,haiku,"Energy, Sustainability & Climate Change",Grid Integration & Smart Microgrids,Y,N,,,
69deca384e2d2a5b77ed7e2f,Ultrafast Charge Transfer and Trapping Dynamics in a Colloidal Mixture of Similarly Charged CdTe Quantum Dots and Silver Nanoparticles,"The interaction between colloidal CdTe quantum dots (QDs) and silver nanoparticles (Ag NPs), both in their negatively charged state, is studied to determine the importance of surface charge and epitaxial coupling of the two components to achieve the potential activity of the metal-semiconductor nanocomposites. An unexpected strong interaction between the two similarly charged species is evident from dramatic quenching of the excitonic emission of the QDs by the Ag NPs. Direct evidence of electro",Advanced Materials & Devices,Polymer Nanocomposites & Blends,0.75,haiku,Advanced Materials & Devices,Rare-Earth Doped Luminescent Materials,Y,N,,,
6a25fe522b6042b763867403,Hybridization energy oscillations of Majorana and Andreev bound states in semiconductor-superconductor nanowire heterostructures,"The recent experimental observations of decaying energy oscillations in semiconductor-superconductor Majorana nanowires is in contrast with the typical expectations based on the presence of Majorana zero modes localized at the ends of the system, when the amplitude of the hybridization energy oscillations is predicted to increase with the applied magnetic field. These observations have been theoretically justified recently by considering a position-dependent, step-like spin-orbit coupling near e",Quantum Technologies & Semiconductor Technology,Spintronics & Magnetic Devices,0.75,haiku,Quantum Technologies & Semiconductor Technology,Semiconductor Photovoltaic & Photodetection Devices,Y,N,,,
69deca284e2d2a5b77ed5d6c,Assessment of Interaction Between Cardio-Respiratory Signals Using Directed Coherence on Healthy Subjects During Postural Change,"Purpose: To detect and quantify the directional interaction changes between cardio-respiratory system during postural change. Method: Traditional frequency domain analysis based on power spectrum and coherence are insufficient to quantify nonlinear structures and complexity of physiological subsystems. Recently, Granger causality is found as preferable method for evaluation of causality i.e., directional interaction. Frequency domain Granger causality based on directed coherence has been used in",Healthcare & MedTech,Clinical Diagnostics & Biomarkers,0.72,haiku,Healthcare & MedTech,Neuroscience & Neurophysiology,Y,N,,,
69deca504e2d2a5b77edb4b8,"Structural, magnetic, and superconducting properties of pulsed-laser-deposition-grown la 1.85 Sr 0.15 CuO 4 / la 2 / 3 Ca 1 / 3 MnO 3 superlattices on (001)-oriented LaSrAlO 4 substrates","Epitaxial La1.85Sr0.15CuO4/La2/3Ca1/3MnO3 (LSCO/LCMO) superlattices on (001)-oriented LaSrAlO4 substrates have been grown with pulsed laser deposition technique. Their structural, magnetic, and superconducting properties have been determined with in situ reflection high-energy electron diffraction, x-ray diffraction, specular neutron reflectometry, scanning transmission electron microscopy, electric transport, and magnetization measurements. We find that despite the large mismatch between the in",Quantum Technologies & Semiconductor Technology,Spintronics & Magnetic Devices,0.72,haiku,Quantum Technologies & Semiconductor Technology,Wide Bandgap Semiconductors & Devices,Y,N,,,
69deca0c4e2d2a5b77ed19ae,Exploration of UV absorbing functional materials and their advanced applications,"Nowadays, concern over skin cancer has been growing more and more, especially in tropical countries where the incidence of UVA/B radiation is higher. The correct use of sunscreen is the most efficient way to prevent the development of this disease. The ingredients of sunscreen can be organic and/or inorganic sun filters. Inorganic filters present some advantages over organic filters, such as photo stability, nonirritability, and broad-spectrum protection. Nevertheless, inorganic filters have a w",Advanced Materials & Devices,Bio-based Materials & Polymers,0.72,haiku,Advanced Materials & Devices,Rare-Earth Doped Luminescent Materials,Y,N,,,
69dec9fe4e2d2a5b77ecf71c,A rapid method for fungal assisted algal flocculation: Critical parameters & mechanism insights,"A method for rapid flocculation of Chlorella pyrenoidosa cells with Aspergillus fumigatus pellets was developed. The process could flocculate 99% algal cells within 3 h. In order to identify the critical parameters, apart from the flocculation conditions (different fungal-algal ratios, flocculation temperature and agitation), the effect of cultivation time and various pretreatments (autoclaving, Cycloheximide exposure) for A. fumigatus was also investigated. Results revealed that 24 h old fungal","Energy, Sustainability & Climate Change",Environmental Assessment & Land Use Management,0.72,haiku,"Energy, Sustainability & Climate Change",Biomass & Biofuel Technologies,Y,N,,,
69deca474e2d2a5b77eda10a,Quantifying Packing Efficiency in Molecular Crystals: A Close Packing Index Based on Hirshfeld Surfaces,"The degree of close packing in molecular crystals can dictate their mechanical, chemical, and photophysical properties. Here, we present a simple descriptor of close packing in molecular crystals, based on Spackman’s intermolecular boundary surfaces, known as Hirshfeld surfaces. In comparison to Kitaigorodskii’s packing index (KPI), the values of this close packing index (CP<inf>i</inf>) offer a more accurate description of packing efficiency and demonstrate stronger correlations with properties",Advanced Materials & Devices,Organometallic & Chalcogenide Synthesis,0.72,sonnet,Advanced Materials & Devices,Composite & Laminate Structures,Y,N,,,
69deca384e2d2a5b77ed7dc0,Observation of rf SQUID characteristics in YBCO bulk at 77 K,(No abstract available),Quantum Technologies & Semiconductor Technology,Quantum Photonics & Entanglement,0.72,haiku,Quantum Technologies & Semiconductor Technology,Spintronics & Magnetic Devices,Y,N,,,
69deca604e2d2a5b77edd59b,SPICE Simulation of Surface Acoustic Wave Interdigital Transducers,"Surface Acoustic Wave (SAW) devices, are not normally amenable to simulation through circuit simulators. In this letter, an electrical macromodel of Mason's Equivalent Circuit for an interdigital transducer (IDT) is proposed which is compatible to a widely used general purpose circuit simulator SPICE endowed with the capability to handle negative capacitances and inductances. Illustrations have been given to demonstrate the simplicity of ascertaining the frequency and time domain characteristics",Quantum Technologies & Semiconductor Technology,Plasmonic & Fiber Optic Sensors,0.72,sonnet,Quantum Technologies & Semiconductor Technology,Fiber Photonic Devices & Engineering,Y,N,,,
69deca184e2d2a5b77ed3729,Laser-driven phosphor-converted green photonic technology based solid state lighting device for high-brightness illumination,"The laser-based phosphor-converted white light sources have gained significant attention due to their high energy efficiency, even at high current densities and no-efficiency droop. Nonetheless, the issue of low colour rendering index (CRI) persists. This study explores a novel approach to generating high-quality white light using a combination of red (SrAlSiN3:Eu) and green (SrBaSiO3:Eu) phosphors. These phosphors, known for their efficiency and brightness, were combined in a single film deposi",Quantum Technologies & Semiconductor Technology,Semiconductor Photovoltaic & Photodetection Devices,0.72,haiku,Quantum Technologies & Semiconductor Technology,Quantum Photonics & Entanglement,Y,N,,,
69deca134e2d2a5b77ed2942,Power Optimised Segment Based Shared Path Protection in optical packet switched networks,This paper presents sleep mode strategy to achieve minimal power consumption with Segment Based Shared Path Protection. Saved power is used for enhancing the data rate incorporating a contention resolution algorithm. © 2012 OSA.,Next-Gen Communication,Free Space Optical Communication,0.6,haiku,Next-Gen Communication,Wireless Network Access & Resource Allocation,Y,N,,,
69deca4c4e2d2a5b77edacc4,Self-implementation of social choice correspondences in Nash equilibrium,"A social choice correspondence is Nash self-implementable if it can be implemented in Nash equilibrium by a social choice function that selects from it as the game form. We provide a complete characterization of all unanimous and anonymous Nash self-implementable social choice correspondences when there are two agents or two alternatives. For the case of three agents and three alternatives, only the top correspondence is Nash self-implementable. In all other cases, every Nash self-implementable ","Social Sciences, Humanities & Management",Supply Chain & Operations Management,0.45,sonnet,"Social Sciences, Humanities & Management",Development Economics & Social Welfare,Y,N,,,
6a5418345ac95135d3b18763,Effect of Limestone on Electrical Properties of Cementitious Systems,"The composition of ordinary portland cement (OPC) changed in North America with the addition of ground limestone in 2004 (since the adoption of ASTM C150-04a), which reacts to form carboaluminate hydration products. This paper discusses the potential influence of limestone addition on the porosity, pore connectivity, formation factor, and electrical properties of cementitious systems. The carboaluminate reaction products can result in a system with limestone that has an equivalent water-powder r",Smart & Sustainable Infrastructure,Building Energy & Thermal Performance,0.45,sonnet,Smart & Sustainable Infrastructure,Structural Dynamics & Seismic Engineering,Y,N,,,
69deca5e4e2d2a5b77edcfc4,Experimental investigation on effects of exhaust gas recirculation on flame kernel growth rate in a hydrogen fuelled spark ignition engine,"This paper describes the experimental investigation on effects of exhaust gas recirculation (EGR) on flame kernel growth rate (FKGR) in a hydrogen fuelled spark ignition (SI) engine and correlation development for FKGR. A single cylinder, four-stroke, forced air cooled, bi-fuelled (i.e., gasoline and hydrogen) SI engine was selected for this study. The engine was fuelled by gasoline in carbureted mode and by hydrogen using timed manifold injection. The study was carried out for evaluation of FKG","Energy, Sustainability & Climate Change",Carbon Utilization & Chemical Conversion,0.45,sonnet,"Energy, Sustainability & Climate Change",Grid Integration & Smart Microgrids,Y,N,,,
69deca244e2d2a5b77ed5375,Towards agent-based GRID-enabled and sensor-driven fire dynamics simulation harnessed over Bluetooth and Wi-Fi devices,The present paper is motivated by the need to develop technological infrastructure for informed and reliable decision support in various crisis and disaster management situations. It describes our prototype data-driven fire hazard simulator capable of predicting fire propagation dynamics that allows the user to take decisions based on reliable micro-future predictions of fire propagation based on potential personnel actions. Several heterogeneous technologies are integrated to achieve this goal.,Smart & Sustainable Infrastructure,Transportation Systems & Traffic Management,0.45,sonnet,Smart & Sustainable Infrastructure,Urban Air Quality & Emissions Monitoring,Y,N,,,
69deca234e2d2a5b77ed50b9,A genetic algorithm based scheduling for a flexible system,"Based on the rapid technical development in the last decade, the automation in many areas of production and distribution has developed significantly. This leads to complex situations where decisions have to be taken within a short time and among several alternatives - often without the human intervention. This paper considers flexible system as a mixed model flexible flow line, where 'n' independent jobs are required to be processed on 'm' different machines, where all the jobs have the same pro",Manufacturing & Industry 4.0,Rotor Dynamics & Vibration Analysis,0.45,sonnet,Manufacturing & Industry 4.0,Advanced Surface Finishing & Processing,Y,N,,,
69deca4b4e2d2a5b77edaa6e,An axiomatic basis for communication,"The de facto service architecture of today's communication networks, in particular the Internet, is heterogeneous, complex, ad hoc, and not particularly well understood. With layering as the only means for functional abstraction, and even this violated by middle-boxes, the diversity of current technologies can barely be expressed, let alone analyzed. As a first step to remedying this problem, we present an axiomatic formulation of fundamental forwarding mechanisms in communication networks. This",Next-Gen Communication,"Signal Modulation, Detection & Channel Equalization",0.45,sonnet,Next-Gen Communication,Wireless Network Access & Resource Allocation,Y,N,,,
69dec9f64e2d2a5b77ece682,Energy Harvesting from Water Droplet Motion Confined on A Hydrophobic-Hydrophilic Stripped Surface,"This paper reports a water droplet-based electrostatic energy harvester which is based on rolling of droplet on a well-defined hydrophilic channel (SiO2) having precharged hydrophobic film of CYTOP as side walls. CYTOP is a hydrophobic material which has high charge trapping potential because of high breakdown voltage in the range 132 V/m, The developed device works on the variable capacitor model, and converts mechanical motion of droplet into electrical energy. Design and developed of the repo","Energy, Sustainability & Climate Change",Solar Thermal Energy & Heat Transfer Systems,0.45,sonnet,"Energy, Sustainability & Climate Change",Grid Integration & Smart Microgrids,Y,N,,,
69deca634e2d2a5b77edddb6,Characterization of an Overlooked Kinematical Descriptor in the Second-Gradient Hyperelastic Theory for Thin Shells,"In 1978, Murdoch presented a direct second-gradient hyperelastic theory for thin shells in which the strain-energy density associated with a deformation η of a surface S is allowed to depend constitutively on the three kinematical descriptors C, H, and F⊤G, where F=GradSη, C=F⊤F, H=F⊤LS′F is the covariant pullback of the curvature tensor LS′ of the deformed surface S′, and G=GradSF. On the other hand, in Koiter’s direct thin-shell theory, the strain-energy density depends constitutively on only ","AI/ML, Supercomputing & Quantum Computing",Algorithms & Computational Complexity,0.45,sonnet,"AI/ML, Supercomputing & Quantum Computing",Control Systems & Linear Dynamical Systems,Y,N,,,
69deca454e2d2a5b77ed98d2,Sustainability 4.0 and its applications in the field of manufacturing,"Sustainability 4.0 is being enabled through the effective adoption of modern technologies such as the Internet of Things (IoT), Artificial Intelligence (AI), Machine Learning (ML), Machine Vision (MV), Data Analytics (DA), Additive Manufacturing (AM) and other modern technologies. These technologies enable services at significantly lower prices due to the effective use of energy and resources with lesser wastage. Manufacturers are constantly looking for methods to lower the operating expenses as",Manufacturing & Industry 4.0,Advanced Surface Finishing & Processing,0.45,sonnet,Manufacturing & Industry 4.0,Biomanufacturing & Fermentation Processes,Y,N,,,
69deca5e4e2d2a5b77edd128,Vision Based Manipulation of a Regular Shaped Object,"This paper proposes to attempted is to manipulate an object by a set of three contacts (fingers) i.e. Three end effector of the delta robots. As the point of contact with the finger and object changes dynamically, making the problem to have a large degree of variability.This proposal is limited to direct feedback of the object position with respect to the world coordinates and interfacing with the delta robot controlling in real time environment.Detection of markers by three cameras is achieved ",Manufacturing & Industry 4.0,Rotor Dynamics & Vibration Analysis,0.45,sonnet,Manufacturing & Industry 4.0,Precision Manufacturing & Microfabrication,Y,N,,,
69deca384e2d2a5b77ed7da4,Study of harmonic generation in Hg(Tl)BaCaCuO thin film,"The generation of higher harmonics in Hg(Tl)BaCaCuO high-T<inf>c</inf> thin film is reported, when an ac magnetic field is applied to it. The film has been prepared by the spray pyrolysis technique using two step process and exhibits T<inf>c</inf>(R = 0) = 123 K. Application of an ac magnetic field (H<inf>ac</inf> > H<inf>c1</inf>) on the film leads to generation of higher odd harmonics. Further, application of the dc field (H<inf>dc</inf>) in addition to the ac field causes generation of even h",Advanced Materials & Devices,Rare-Earth Doped Luminescent Materials,0.45,sonnet,Advanced Materials & Devices,Ferroelectric & Magnetic Ceramics,Y,N,,,
69deca504e2d2a5b77edb647,Why Low-Grade Calcined Clays Are the Ideal for the Production of Limestone Calcined Clay Cement (LC3),Clinker substitution by a combining multiple supplementary cementitious materials has been established as the most promising solution for combating the greenhouse gas emissions from the cement industry. Limestone calcined clay cement is a ternary cement in which clinker is partially replaced using calcined clay and limestone. This paper discusses the importance of using low-grade kaolinite clay for producing limestone calcined clay cements. While it appears that higher grade clay would be more b,Advanced Materials & Devices,Composite & Laminate Structures,0.45,sonnet,Advanced Materials & Devices,Ferroelectric & Magnetic Ceramics,Y,N,,,
69deca274e2d2a5b77ed5bbf,Accurate efficient carrier estimation for single-shot digital holographic imaging,"Off-axis digital holograms are commonly processed using the Fourier transform method. This method requires estimation of the carrier frequency peak in the two-dimensional Fourier domain. The accuracy of peak location information using the standard fast Fourier transform (FFT) routines is limited by the pixel size, thus giving rise to a residual carrier component in the reconstructed image. In this Letter, we use an efficient two-step process for cross-term peak location to sub-pixel accuracy whe",Quantum Technologies & Semiconductor Technology,Semiconductor Photovoltaic & Photodetection Devices,0.45,sonnet,Quantum Technologies & Semiconductor Technology,Fiber Photonic Devices & Engineering,Y,N,,,
69deca154e2d2a5b77ed2dcd,Analysis of nonlinear spring arm for improved performance of vibrational energy harvesting devices,"Recently, a number of attempts have been made to increase the operational bandwidth of the energy harvesting devices. Nonlinear mechanisms are one of them. In this paper, we report design and analytical formulation of stretching strain of an electromagnetic energy harvester on FR4 material under large deformation of the spring arms. It is found that nonlinearity has an inverse square dependence on thickness of the arms. Numerical solution of a monostable Duffing oscillator that governs the dynam","Energy, Sustainability & Climate Change",Energy Storage Materials,0.42,sonnet,"Energy, Sustainability & Climate Change",Grid Integration & Smart Microgrids,Y,N,,,
69deca604e2d2a5b77edd4ac,Thermodynamics of Nath's 2-ion model for ATP synthesis,"A major finding of studies of organic acid ionization was that substituents on an aliphatic chain attached to a carboxyl group have large effects on the equilibrium constant but very little effect on Δ<inf>ioniz</inf>H which is in the range 0 ± 4 kJ/mol for all carboxylic acids of this type. According to Nath's 2-ion mechanism for ATP synthesis, succinic acid was selected by biological evolution because an acid that could be ionized with no energy input was required, i.e., with Δ<inf>ioniz</inf>","Energy, Sustainability & Climate Change",Carbon Utilization & Chemical Conversion,0.35,sonnet,"Energy, Sustainability & Climate Change",Biomass & Biofuel Technologies,Y,N,,,
69deca5b4e2d2a5b77edcac1,Understanding effects of analogical distance on performance of ideation: Key observations and findings,"The effect of analogical distance between design stimuli and design problem on novelty and quality of generated concepts is investigated in this research. Data from a design project involving 105 student designers, divided into 21 teams and individually generating 226 concepts of spherical rolling robots, is collected. From this data, 138 concepts generated with patents as stimuli and the patents used as stimuli are analyzed. Analogical distance of a patent is measured in terms of the knowledge ","Social Sciences, Humanities & Management",Digital Transformation & IT Applications,0.35,sonnet,"Social Sciences, Humanities & Management",Supply Chain & Operations Management,Y,N,,,
69dec9fd4e2d2a5b77ecf525,Sensitivity analysis of MEMS gyroscope for radar-based true north finding application,"True north alignment plays an important role in radar tracking performance as it affects the target's azimuth measurement. Existing conventional methods to find out the true north consume more time and resources with poor accuracy which is not preferable during wartime as well as in online data monitoring scenarios. To overcome such problems, a MEMS-based gyroscope is one of the potential tools to assist in determining the true north with limited resources and a short period with high accuracy. ",Quantum Technologies & Semiconductor Technology,Resistive Memory & Neuromorphic Computing,0.35,sonnet,Quantum Technologies & Semiconductor Technology,Ultra-Low Voltage Analog Circuits,Y,N,,,
69deca264e2d2a5b77ed589c,Optimal criteria based on the ecological function of an irreversible intercooled regenerative modified Brayton cycle,The optimal criterion of an irreversible regenerative intercooled modified Brayton cycle heat engine based on the ecological function is presented in this paper. The ecological function defined as the power output minus the dissipation due to irreversibility has been optimised with respect to the cycle temperatures and the optimum performance parameters are calculated for a typical set of operating conditions. It is found that there are optimal values of the intercooling and cycle pressure ratio,"Energy, Sustainability & Climate Change",Grid Integration & Smart Microgrids,0.35,sonnet,"Energy, Sustainability & Climate Change",Solar Thermal Energy & Heat Transfer Systems,Y,N,,,
69deca3c4e2d2a5b77ed85f7,Realization of an advanced nozzle concept for compact chemical oxygen iodine laser,"Conventional supersonic chemical oxygen-iodine lasers (SCOIL) are not only low-pressure systems, with cavity pressure of 2-3 Torr and Mach number of approximately 1.5, but also are high-throughput systems with a typical laser power per unit evacuation capacity of nearly 1 J/l, thus demanding high capacity vacuum systems which mainly determine the compactness of the system. These conventional nozzle-based systems usually require a minimum of a two-stage ejector system for realization of atmospher","Energy, Sustainability & Climate Change",Carbon Utilization & Chemical Conversion,0.35,sonnet,"Energy, Sustainability & Climate Change",Solar Thermal Energy & Heat Transfer Systems,Y,N,,,
69deca254e2d2a5b77ed5877,Theoretical analysis of LiBr/H2O absorption refrigeration systems,"A computational model is developed for the parametric investigation of single-effect and series flow double-effect LiBr/H<inf>2</inf>O absorption refrigeration systems. The effects of generator, absorber, condenser, evaporator and dead state temperatures are examined on the performance of these systems. The parameters computed are coefficient of performance (COP), exergy destruction rates, thermal exergy loss rates, irreversibility and exergetic efficiency. The results indicate that COP and exer","Energy, Sustainability & Climate Change",Grid Integration & Smart Microgrids,0.35,sonnet,"Energy, Sustainability & Climate Change",Solar Thermal Energy & Heat Transfer Systems,Y,N,,,
69dec9f64e2d2a5b77ece58b,Characterization of Hydrogen Plasma in an ECR based Large Volume Plasma Chamber,"Hydrogen plasma characterization was carried out in a large volume (dia∼1.0 m, h∼1.0 m) plasma chamber to evaluate the efficacy of production of uniform, large-area H- beam for fusion applications. Up to seven Compact ECR Plasma Sources (CEPS; Indian Patent #301583, Patentee: IIT Delhi) can be mounted on the top dome of the chamber (one in centre and six on a 1/460 cm dia circle). Axially poled permanent ring magnets provide the magnetic field for each CEPS and the total field in the chamber is ","Energy, Sustainability & Climate Change",Biomass & Biofuel Technologies,0.25,sonnet,"Energy, Sustainability & Climate Change",Grid Integration & Smart Microgrids,Y,N,,,
6a26be772b6042b76389b6bb,On the use of leading-edge serrations for noise control in a tandem airfoil configuration,"Passive noise control for a tandem NACA 65-710 airfoil configuration is experimentally investigated by applying leading-edge serrations on the rear airfoil. With a sliding side-plate mechanism that allows the rear airfoil to move in the vertical direction relative to the front airfoil, the position of maximum turbulence interaction noise is first identified from the far-field noise measurements. Subsequently, detailed static surface pressure distribution and unsteady surface pressure fluctuation",Next-Gen Communication,Plasma-Wave & Electromagnetic Interactions,0.15,sonnet,Next-Gen Communication,Antenna Design & RF Systems,Y,N,,,
69deca5d4e2d2a5b77edcd6f,Utilization of non edible oil seed cakes as substrate for growth of paecilomyces lilacinus and as biopesticide against termites,"Oil seed cakes are the by-products obtained after mechanical extraction from the seeds. They are of two types edible and non-edible. Edible oil seed cakes have a high nutritional value with protein content ranging from 15 to 50 % and are mainly used as animal feeds. On the other hand the non-edible oil cakes such as Azadirachta indica (neem), Jatropha curcas (jatropha), Madhuca indica (mahua) and Pongamia pinnata (karanja) inspite of having high nutrient content cannot be used as animal feed due","Energy, Sustainability & Climate Change",Biomass & Biofuel Technologies,0.72,haiku,(sonnet safety-refused - no label),,,,,,
69deca504e2d2a5b77edb717,Biotechnological potential of a Halobacterium of family Bacillaceae,"The study aimed at assessing the biotechnological potential of Bacillus sp. PU1<sup>T</sup> (JCM-16712, NBRC-106750, KCTC-13722), a halotolerant bacterium of the family Bacillaceae isolated from saline rhizosphere of Sesbania grandiflora from Mahabubnagar (16.4600° N, 77.5600° E), India, with respect to its plant growth promoting (PGP) properties, and as a source of halotolerant enzymes and intracellular osmolytes. PGP parameters assessed were indoleacetic acid production, phosphate solublizatio",Healthcare & MedTech,Cellular & Molecular Biology,0.45,haiku,(sonnet safety-refused - no label),,,,,,
69deca234e2d2a5b77ed5285,Dry heat as a decontamination method for n95 respirator reuse,"A pandemic such as COVID-19 can cause a sudden depletion of the worldwide supply of respirators, forcing healthcare providers to reuse them. In this study, we systematically evaluated dry heat treatment as a viable option for the safe decontamination of N95 respirators (1860, 3M) before their reuse. We found that the dry heat generated by an electric cooker (100 °C, 5% relative humidity, 50 min) effectively inactivated Tulane virus (TV, >5.2-log10 reduction), rotavirus (RV, >6.6-log10 reduction)",Healthcare & MedTech,Clinical Diagnostics & Biomarkers,0.45,haiku,(sonnet safety-refused - no label),,,,,,
69deca1c4e2d2a5b77ed3fb7,Heat and Humidity for Bioburden Reduction of N95 Filtering Facepiece Respirators,"Introduction: The coronavirus disease 2019 (COVID-19) pandemic has caused a global shortage of single-use N95 filtering facepiece respirators (FFRs). A combination of heat and humidity is a promising method for N95 FFR decontamination in crisis-capacity conditions; however, an understanding of its effect on viral inactivation and N95 respirator function is crucial to achieving effective decontamination. Objective: We reviewed the scientific literature on heat-based methods for decontamination of",Healthcare & MedTech,Clinical Diagnostics & Biomarkers,0.45,haiku,(sonnet safety-refused - no label),,,,,,
69deca2b4e2d2a5b77ed6405,The amino acid and lipophilic profiles of Chilo partellus (Swinhoe) larvae fluctuate with diapause,"The Chilo partellus (Crambidae: Lepidoptera) larvae undergoes both hibernation and estivation in India. Although, much has been done on reproductive physiological aspects, little is known about biochemical changes happening during hibernation and estivation in C. partellus. Thus, we mapped changes in amino acid and lipophilic profiles of C. partellus larvae while undergoing hibernation and estivation using high-performance liquid chromatography and gas chromatography mass spectroscopy. The studi",Healthcare & MedTech,Cellular & Molecular Biology,0.45,haiku,(sonnet safety-refused - no label),,,,,,
69deca2b4e2d2a5b77ed646d,Amino acid profiling of Sorghum bicolor vis-à-vis Chilo partellus (Swinhoe) for biochemical interactions and plant resistance,"Amount of certain amino acids required by herbivores, and their availability in host plants are of crucial importance for insect growth, development, and life processes. Therefore, we carried out profiling and quantification of 17 amino acids in diverse sorghum genotypes, and on the Chilo partellus larvae reared on them, to understand the association and contribution of different amino acids in plant resistance to insects. Sorghum germplasm lines IS 2205 and IS 2123 had severe detrimental effect",Healthcare & MedTech,Cellular & Molecular Biology,0.45,haiku,(sonnet safety-refused - no label),,,,,,
69deca544e2d2a5b77edc14c,Topologies between Compact and Uniform Convergence on Function Spaces,"This paper studies two topologies on the set of all continuous real-valued functions on a Tychonoff space which lie between the topologies of compact convergence and uniform convergence. © 1993, Hindawi Publishing Corporation. All rights reserved.","AI/ML, Supercomputing & Quantum Computing",Algorithms & Computational Complexity,0.45,sonnet,"Social Sciences, Humanities & Management (sonnet: unclassifiable)",Library Science & Information Management,,,,,
69deca1d4e2d2a5b77ed40b2,Interaction of borohydride stabilized silver nanoparticles with sulfur-containing organophosphates,"Understanding the interactions between nanoparticles and organophosphates is the key to developing cost-effective colorimetric pesticide detection. We have studied the interaction between three different organophosphates containing the PS group and borohydride stabilized silver nanoparticles. Three different organophosphates, namely phorate, chlorpyrifos, and malathion, have been used. The colorimetric changes are corroborated with UV-visible absorption studies along with the change in particle ",Advanced Materials & Devices,Bio-based Materials & Polymers,0.42,haiku,(sonnet safety-refused - no label),,,,,,
69deca0c4e2d2a5b77ed1951,A bioconjugate of Pseudomonas cepacia lipase with alginate with enhanced catalytic efficiency,A bioconjugate of Pseudomonas cepacia lipase with alginate was prepared by simple adsorption. Atomic force microscope (AFM) images showed that this bioconjugate resulted from adsorption rather than entrapment of the enzyme as enzyme molecules were visible on the gel surface. The soluble bioconjugate exhibited increased enzyme activity in terms of high effectiveness factor (effectiveness factor was 3 for the immobilized preparation) and greater V<inf>max</inf>/K<inf>m</inf> value (V<inf>max</inf>,Healthcare & MedTech,Biopharmaceutical Manufacturing & Quality,0.42,haiku,(sonnet safety-refused - no label),,,,,,
69deca024e2d2a5b77ed0150,Estimation of health risks due to copper-based nanoagrochemicals,"This study estimated health risks due to two types of copper-based nanoagrochemicals (Cu (OH)<inf>2</inf> and CuO nanoparticles (NPs)), during inadvertent ingestion of soil and consumption of leafy vegetables for a hypothetical exposure scenario. The dissolution of copper-based nanoagrochemicals in human digestive system was considered for estimating realistic doses. No risk was found during soil ingestion (hazard quotient (HQ) <1). HQ (no dissolution of Cu (OH) <inf>2</inf> nanopesticides) (HQ=",Healthcare & MedTech,Clinical Diagnostics & Biomarkers,0.42,haiku,(sonnet safety-refused - no label),,,,,,
69deca504e2d2a5b77edb6bd,Volatile-mediated inhibition of Fusarium wilt in pigeonpea conferred by Bacillaceae members isolated from the host plant’s rhizosphere,"Background and aim: Different biotic and abiotic stresses in agriculture restrict crop productivity, leading to dwindling biomass. Conventional bioinoculants have lost farmers' confidence due to reduced persistence under natural conditions. The understanding of mechanisms underlying suppression of phytopathogens remains a key challenge in developing effective biocontrol strategies. The current study assessed bacterial volatilomes for their ability to inhibit the fungal pathogen Fusarium udum in ",Healthcare & MedTech,Infectious Disease & Microbiology,0.25,haiku,(sonnet safety-refused - no label),,,,,,
6a13eb852b6042b7634685d3,Experimental mapping of vector vortex beams onto Higher order Poincaré sphere,"The polarization distribution of a structured light field, such as a vector vortex beam (VVB), is defined by a uniform ellipticity and a polarization azimuth that varies across the transverse plane. On the standard Poincaré sphere, polarization of this beam traces a ring at a fixed latitude and can be uniquely mapped to a single point on the higher-order Poincaré spheres (HOPS). Precise determination of the corresponding HOPS coordinates is crucial for fully exploiting these beams in application",Quantum Technologies & Semiconductor Technology,Structured Light & Polarization Engineering,0.95,haiku,Quantum Technologies & Semiconductor Technology,Structured Light & Polarization Engineering,Y,Y,,,
6a26bea22b6042b76389b85c,Skilling the Library and Information Science Professionals,"Purpose
This study aims to assess the digital literacy of African library and information science (LIS) professionals. Digital literacy skills are required in the digital library environment.


Design/methodology/approach
Relevant literature was reviewed on this topic; previous study questionnaires, various university LIS curriculum, content analysis and job advertising were used for preparing the survey questionnaire. This study used an ex post facto research design. Purposive sampling was adop","Social Sciences, Humanities & Management",Library Science & Information Management,0.95,haiku,"Social Sciences, Humanities & Management",Library Science & Information Management,Y,Y,,,
69deca024e2d2a5b77ecffff,Swift heavy ion induced modifications of optical and microstructural properties of silver-fullerene C60 nanocomposite,"In this paper, we study the optical and microstructural properties of silver-fullerene C<inf>60</inf> nanocomposite and their modifications induced by swift heavy ion irradiation. Silver nanoparticles embedded in fullerene C<inf>60</inf> matrix were synthesized by co-deposition of silver and fullerene C<inf>60</inf> by thermal evaporation. The nanocomposite thin films were irradiated by 120 MeV Ag ions at different fluences ranging from 1 × 10<sup>12</sup> to 3 × 10<sup>13</sup> ions/cm<sup>2</s",Advanced Materials & Devices,Ion Beam & Thin Film Engineering,0.95,haiku,Advanced Materials & Devices,Ion Beam & Thin Film Engineering,Y,Y,,,
69deca474e2d2a5b77ed9f79,Magnetic and microwave absorption properties of Zn2+-Ti4+ substituted U-type hexaferrites,"The effects of Zn–Ti substitution on magnetic and microwave properties of Ba<inf>4</inf>Mn<inf>2</inf>Fe<inf>36-2x</inf>Zn<inf>x</inf>Ti<inf>x</inf>O<inf>60</inf> (0.0 ≤ x ≤ 3.0, in the steps of 1.0) U-type hexaferrite have been investigated. Le Bail refinement of XRD patterns confirms the formation of U-type phase in the prepared samples. The particle size, estimated from scanning electron micrographs (SEM), is found in the range of ∼5–15 μm for all the prepared samples. On increasing the dopan",Advanced Materials & Devices,Ferroelectric & Magnetic Ceramics,0.95,haiku,Advanced Materials & Devices,Ferroelectric & Magnetic Ceramics,Y,Y,,,
69deca044e2d2a5b77ed05f1,Cellular response of limbal epithelial cells on electrospun poly-ε- caprolactone nanofibrous scaffolds for ocular surface bioengineering: A preliminary in vitro study,"Purpose: The aim of this study was to develop a synthetic stromal substrate for limbal epithelial cell (LEC) expansion that can serve as a potential alternative substrate to replace human amniotic membrane (HAM). Methods: Nanofibers were fabricated using 10% poly-ε-caprolactone (PCL) solution dissolved in trifluoroethanol (TFE) via an electrospinning process. Nanofibers were characterized for surface morphology, wetting ability, pore size, mechanical strength, and optical transparency using scan",Healthcare & MedTech,Tissue Engineering & Regenerative Medicine,0.95,haiku,Healthcare & MedTech,Tissue Engineering & Regenerative Medicine,Y,Y,,,
69deca134e2d2a5b77ed29a8,Variational Quantum Factorization (VQF) using Different Variations of Quantum Approximate Optimization Algorithm (QAOA),"Variational quantum factoring (VQF), a variational quantum algorithm, has been proposed as an alternative to Shor's algorithm for factoring numbers and has been experimentally implemented to factor numbers much larger than what Shor's algorithm has factorized thus far. The focus of this work is comparing the performance of different variations of quantum approximate optimization algorithm (QAOA) in terms of implementing VQF. Hence, VQF has been implemented here on the Qiskit quantum simulation f","AI/ML, Supercomputing & Quantum Computing",Algorithms & Computational Complexity,0.95,haiku,"AI/ML, Supercomputing & Quantum Computing",Algorithms & Computational Complexity,Y,Y,,,
69deca064e2d2a5b77ed0a74,On the performance of different bimetallic combinations in surface plasmon resonance based fiber optic sensors,"In the present work, we have investigated the capability of different bimetallic combinations to be used in a fiber optic sensor based on the technique of surface plasmon resonance. The metals considered for the present analysis are silver, gold, copper, and aluminum. The performance of the sensor with different bimetallic combinations is evaluated and compared numerically. The performance is analyzed in terms of three parameters: sensitivity, signal-to-noise ratio (SNR), and operating range. On",Quantum Technologies & Semiconductor Technology,Plasmonic & Fiber Optic Sensors,0.95,haiku,Quantum Technologies & Semiconductor Technology,Plasmonic & Fiber Optic Sensors,Y,Y,,,
69deca014e2d2a5b77ecfe1c,Role of soluble surfactant in linear stability of a liquid film flowing down a compliant substrate,"A linear stability analysis of a soluble surfactant-laden liquid film flowing down a compliant substrate is performed. Our purpose is to expand the prior studies (Carpenter and Garrad 1985 J. Fluid Mech. 155, 465-510; Alexander et al., 2020 J. Fluid Mech. 900, A40) by incorporating a soluble surfactant into the flow configuration. As a result, we formulate the Orr-Sommerfeld-type boundary value problem and solve it analytically by using the long-wave series expansion as well as numerically by us","AI/ML, Supercomputing & Quantum Computing",Computational Fluid Dynamics & Flow Analysis,0.95,haiku,"AI/ML, Supercomputing & Quantum Computing",Computational Fluid Dynamics & Flow Analysis,Y,Y,,,
69deca1d4e2d2a5b77ed41fe,Artificial spider silk is smart like natural one: Having humidity-sensitive shape memory with superior recovery stress,"Spider dragline silk features supercontraction with great sensitivity to humidity/water. Enlightened by this phenomenon, we here put forward an understanding of spider silk supercontraction as a shape memory behaviour and for the first time realised this behaviour with our genetically engineered major ampullate spidroin 2 (eMaSp2) fibre, which has abundant polyalanine and proline motifs. Interestingly, at 75% relative humidity (RH), the eMaSp2 fibre demonstrated humidity-triggered shape memory b",Advanced Materials & Devices,Bio-based Materials & Polymers,0.92,haiku,Advanced Materials & Devices,Bio-based Materials & Polymers,Y,Y,,,
69deca554e2d2a5b77edc3cc,Blood coagulation meter: A low cost viscoelasticity based approach,"Blood Coagulation is an essential defense mechanism of the human body. In case of injury, it prevents excessive blood loss and reduces the chances of infection. In conditions like Hemophilia and von Willebrand's disease, clotting is insufficient. The coagulation process depends on certain clotting factors as well as the platelet count. A coagulometer is a device that measures the rate of coagulation of blood. The ones available in the market today are expensive and not affordable to the smaller ",Healthcare & MedTech,Clinical Diagnostics & Biomarkers,0.92,haiku,Healthcare & MedTech,Clinical Diagnostics & Biomarkers,Y,Y,,,
69deca0d4e2d2a5b77ed1c55,Harmonic Suppression Scheme for Multipulse Converter Fed Multilevel Inverter-Based im Drive,"The medium-voltage induction motor drives are regularly utilized for crucial application in enormous industries. It is difficult to design a highly efficient drive system with a satisfactory power quality standard not only at the drive end but also at the grid end. To breakthrough this issue, a 36-pulse ac-dc converter fed seven-level binary cascaded H-bridge multilevel inverter (CHB-MLI) based drive system is presented in this work, where a 36-pulse converter is employed to enhance the power qu",Manufacturing & Industry 4.0,Electric Motor Drives & Power Electronics,0.92,haiku,Manufacturing & Industry 4.0,Electric Motor Drives & Power Electronics,Y,Y,,,
69dec9f64e2d2a5b77ece5e4,Multiobjective Pareto-Optimal Intelligent Electric Vehicle Charging Schedule in a Commercial Charging Station: A Stochastic Convex Optimization Approach,"This article presents real-time Pareto-optimal scheduling for bidirectional electric vehicle (EV) charging in a commercial charging station with on-site renewable energy and battery energy storage to optimize several objectives. To incorporate the inherent uncertainty in the model, mixture density neural networks are presented to estimate the parameters of the probability distribution of demands and deadlines using a negative-log-likelihood loss function. From the joint distribution of demands a","Energy, Sustainability & Climate Change",Electric Vehicle Battery & Charging Systems,0.92,haiku,"Energy, Sustainability & Climate Change",Electric Vehicle Battery & Charging Systems,Y,Y,,,
69deca1d4e2d2a5b77ed41f3,Spider-capture-silk mimicking fibers with high-performance fog collection derived from superhydrophilicity and volume-swelling of gelatin knots,"Spider-capture-silk (SCS) can directionally capture and transport water from humid air relying on the unique geometrical structure. Although there have been adequate reports on the fabrication of artificial SCSs from petroleum-based materials, it remains a big challenge to innovate bio-based SCS mimicking fibers with high-performance fog collection ability and efficiency simultaneously. Herein, we report an eco-friendly and economical fiber system for water collection by coating gelatin on degum",Advanced Materials & Devices,Bio-based Materials & Polymers,0.92,haiku,Advanced Materials & Devices,Bio-based Materials & Polymers,Y,Y,,,
69deca0f4e2d2a5b77ed204e,A HTF based higher order adaptive control of single stage three phase grid integrated SPV system,"This paper presents a hyperbolic tangent function (HTF) based higher order adaptive control algorithm with a perturb & observe (P&O) MPPT (Maximum Power Point Tracking) for a three phase grid connected single stage SPV (Solar Photovoltaic) system with DSTATCOM (Distribution Static Synchronous Compensator) capabilities. The variable learning based HTF reduces the mean square error in the system, thereby improving the response of the system. This algorithm is easily implemented with simple mathema","Energy, Sustainability & Climate Change",Grid Integration & Smart Microgrids,0.92,haiku,"Energy, Sustainability & Climate Change",Grid Integration & Smart Microgrids,Y,Y,,,
69deca114e2d2a5b77ed2565,GIS-based SWMM model for simulating the catchment response to flood events,"The Storm Water Management Model (SWMM) has been an effective tool for simulating floods in urban areas, but has been seldom applied for river systems. In this study, a geographic information system (GIS)-based SWMM model was developed to authenticate the model's viability as a streamflow simulator for modeling floods in the Brahmani river delta. The model was set up using a Shuttle Radar Topography Mission-Digital Elevation Model (SRTM-DEM), National Remote Sensing Centre Landuse/Land Cover (NR",Smart & Sustainable Infrastructure,Hydrology & Water Resources Management,0.92,haiku,Smart & Sustainable Infrastructure,Hydrology & Water Resources Management,Y,Y,,,
69deca204e2d2a5b77ed4971,Functional Observer-Based Sliding Mode Control for Discrete-Time Delayed Stochastic Systems,"This chapter addresses the problem of stabilisation, observer-based sliding mode control, and functional observer-based sliding mode control. An SMC method is proposed for discrete-time delayed stochastic systems. Stability and convergence analyses of the proposed method are provided. Furthermore, the DSMC of a delayed stochastic system for incomplete state information has also been considered, where states are estimated by the Kalman filter approach. A functional observer-based SMC method for d","AI/ML, Supercomputing & Quantum Computing",Control Systems & Linear Dynamical Systems,0.92,haiku,"AI/ML, Supercomputing & Quantum Computing",Control Systems & Linear Dynamical Systems,Y,Y,,,
69deca144e2d2a5b77ed2bdf,Navigating barriers to GenAI adoption in public administration: A systematic evaluation and policy roadmap,"Public administration serves as a crucial pillar of governance, ensuring efficient policy implementation, resource management, and service delivery. However, administrative processes often face challenges such as inefficiencies, resource constraints, and bureaucratic delays. The emergence of Generative Artificial Intelligence (GenAI) presents an opportunity to enhance decision making, optimize administrative workflows, and improve public service efficiency. Despite its potential, the widespread ","Social Sciences, Humanities & Management",Digital Transformation & IT Applications,0.92,haiku,"Social Sciences, Humanities & Management",Digital Transformation & IT Applications,Y,Y,,,
69deca474e2d2a5b77ed9e48,Hybrid coherent/energy detection for cognitive radio networks,"Cognitive radio (CR) networks require reliable spectrum sensing in order to avoid interference to the primary users of the spectrum. Most existing spectrum sensing techniques are based on simple energy detection. However, in practice, the signals transmitted by primary users often also contain known pilot symbols for synchronization and channel estimation purposes. Coherent correlation based spectrum sensing techniques can exploit these known symbols but fail to utilize the energy contained in t",Next-Gen Communication,"Signal Modulation, Detection & Channel Equalization",0.92,haiku,Next-Gen Communication,"Signal Modulation, Detection & Channel Equalization",Y,Y,,,
69deca5f4e2d2a5b77edd36b,Real and Reactive Power Control of Voltage Source Converter-Based Photovoltaic Generating Systems,"The PV generator power output is highly infl uenced by the solar insolation and hence it has to be controlled properly for maximum possible power extraction. The increase in penetration of distributed generators which are on the load side of the power system, like photovoltaic sources, poses a serious threat to the system and its associated devices by raising the voltage levels of the network due to the reverse power fl ow in the lines. The conventional voltage regulation schemes which are formu","Energy, Sustainability & Climate Change",Grid Integration & Smart Microgrids,0.92,haiku,"Energy, Sustainability & Climate Change",Grid Integration & Smart Microgrids,Y,Y,,,
69deca584e2d2a5b77edc774,Novel low cost hole transporting materials for efficient organic-inorganic perovskite solar cells,"Organic-inorganic halide perovskite solar cells have recently emerged as high performance photovoltaic devices with low cost, promising for affordable large-scale energy production. The power conversion efficiency (PCE) from solar energy to electricity in solid state photovoltaic devices has risen from 10% to over 20% within two years of development. To date, a relatively expensive organic hole-conducting molecule with low conductivity, namely Spiro-OMeTAD (2,2′,7,7′-tetrakis (N,N-di-p-methoxyph","Energy, Sustainability & Climate Change",Next-Generation Photovoltaic Materials,0.92,haiku,"Energy, Sustainability & Climate Change",Next-Generation Photovoltaic Materials,Y,Y,,,
69deca0b4e2d2a5b77ed1710,Efficient Grant-Free Uplink NOMA With Multi-IRS and Sidelink Relays for IIoT-Driven Smart Factories,"Industry 5.0 requires advanced communication systems to enable smart factories. These systems must ensure seamless and resilient communication alongwith efficient resource management. To address this, we propose a system model integrating intelligent reflecting surfaces (IRSs), grant-free non-orthogonal multiple access (GF-NOMA), and full-duplex (FD) sidelink relays to enhance reliability, connectivity and spectral efficiency. A dynamic penalty-based particle swarm optimization (DYN-P-PSO) metho",Next-Gen Communication,Wireless Network Access & Resource Allocation,0.92,haiku,Next-Gen Communication,Wireless Network Access & Resource Allocation,Y,Y,,,
69deca5d4e2d2a5b77edceaa,"Process dependent interface strengthening, de-icing and EMI shielding performance in PEEK/CF laminates","Carbon fiber (CF)/polyetheretherketone (PEEK) laminates are emerging as a potential material for aero structural applications, thereby offering tough competition to the traditional Fiber reinforced polymers. The additional advantages like high production rate, recyclability, weldability, higher damage tolerance and prolonged service life at high temperatures make them a popular choice over traditional carbon fiber reinforced epoxy (CFRE) laminates. PEEK based laminates offer unique advantages, b",Manufacturing & Industry 4.0,"Materials, Joining & Mechanical Behavior",0.92,haiku,Manufacturing & Industry 4.0,"Materials, Joining & Mechanical Behavior",Y,Y,,,
69deca324e2d2a5b77ed741f,Compact band-notched UWB antenna for MIMO applications in portable wireless devices,"A compact 5.5 GHz band-notched ultra-wideband (UWB) 2-element antenna with high isolation for multiple-input multiple-output (MIMO) portable wireless devices in wireless personal area network (WPAN) application is proposed. The MIMO antenna is designed for 3.1-10.6 GHz range on Neltec substrate with compact dimension of 43 × 20 mm<sup>2</sup> and is tested experimentally. For the rejection band at 5.5 GHz, a slot of length 1.0 λ is etched into the radiator. Simple structure, i.e., receded steps ",Next-Gen Communication,Antenna Design & RF Systems,0.92,haiku,Next-Gen Communication,Antenna Design & RF Systems,Y,Y,,,
69deca494e2d2a5b77eda549,Contrasting impacts of net cloud radiative forcing on the surface temperature trends in India,The rise of spatial heterogeneity in surface temperature (T<inf>s</inf>) over India cannot be explained by only the direct effect of enhanced greenhouse gas forcing. Here we propose an analytical framework to estimate the impact of the net cloud radiative forcing (CRF) trend on the observed T<inf>s</inf> trend for the duration of 2000–2019. The cloud sensitivity (l<inf>cld</inf>) estimated from the satellite observations vary in the range −0.180 to 0.241 K per W m<sup>−2</sup> across the seven T,"Energy, Sustainability & Climate Change",Monsoon Dynamics & Regional Climate Modeling,0.92,haiku,"Energy, Sustainability & Climate Change",Monsoon Dynamics & Regional Climate Modeling,Y,Y,,,
69deca5f4e2d2a5b77edd3eb,Early detection of Parkinson's disease through patient questionnaire and predictive modelling,"Early detection of Parkinson's disease (PD) is important which can enable early initiation of therapeutic interventions and management strategies. However, methods for early detection still remain an unmet clinical need in PD. In this study, we use the Patient Questionnaire (PQ) portion from the widely used Movement Disorder Society-Unified Parkinson's Disease Rating Scale (MDS-UPDRS) to develop prediction models that can classify early PD from healthy normal using machine learning techniques th",Healthcare & MedTech,Clinical AI & Medical Imaging Analytics,0.92,haiku,Healthcare & MedTech,Clinical AI & Medical Imaging Analytics,Y,Y,,,
69deca604e2d2a5b77edd65c,"Social and travel lockdown impact considering coronavirus disease (Covid-19) on air quality in megacities of india: Present benefits, future challenges and way forward","The coronavirus disease (COVID-19) created enormous pressure across the globe due to an increasing number of COVID-19 infected cases. All the governments’ primary focus is to save humanity from this pandemic problem, and they have lockdown almost the entire nation to stop the spread of infection. This lockdown resulted in a considerable impact on the global as well as a local economy that will take a long time to perform with business as usual scenario. However, improvement in the air quality of",Smart & Sustainable Infrastructure,Urban Air Quality & Emissions Monitoring,0.92,haiku,Smart & Sustainable Infrastructure,Urban Air Quality & Emissions Monitoring,Y,Y,,,
69deca0e4e2d2a5b77ed1e55,Implementation of immune feedback control algorithm for distribution static compensator,"This paper presents an immune feedback control algorithm for a three-phase distribution static compensator (DSTATCOM) to mitigate several power quality problems such as harmonics, reactive power, and load unbalancing at distribution level. A configuration chosen for DSTATCOM is based on a three-phase voltage source converter (VSC), which is suitably controlled as a shunt compensator for performing these functions. The underlying principle of an immune feedback is based on adaptive control and th",Smart & Sustainable Infrastructure,Power Systems & Grid Control,0.92,haiku,Smart & Sustainable Infrastructure,Power Systems & Grid Control,Y,Y,,,
69deca024e2d2a5b77ed005a,Effect of initial roughness and oxidation on the running-in wear of machined surfaces under dry sliding,"It is usually considered that initial roughness of a surface affects running-in wear. Oxidation of the surface is bound to occur during machining operation. The present investigation aims at understanding the influence of initial roughness and surface oxidation on the wear rate. Studies were conducted with a ball-on-flat geometry in a reciprocating tester at room temperature and at 100°C. Flat surfaces with initial roughness values of 0.42, 0.96 and 1.81 μm were used for dry tests of 120 minutes",Manufacturing & Industry 4.0,Tribology & Bearing Performance,0.92,haiku,Manufacturing & Industry 4.0,Tribology & Bearing Performance,Y,Y,,,
69deca1f4e2d2a5b77ed46a0,Aerodynamic parameter estimation using adaptive unscented Kalman filter,"Purpose - The purpose of this paper is to estimate aerodynamic parameters accurately from flight data in the presence of unknown noise characteristics. Design/methodology/approach - The introduced adaptive filter scheme is composed of two parallel UKFs. At every time-step, the master UKF estimates the states and parameters using the noise covariance obtained by the slave UKF, while the slave UKF estimates the noise covariance using the innovations generated by the master UKF. This real time inno","AI/ML, Supercomputing & Quantum Computing",Control Systems & Linear Dynamical Systems,0.92,haiku,"AI/ML, Supercomputing & Quantum Computing",Control Systems & Linear Dynamical Systems,Y,Y,,,
69deca354e2d2a5b77ed7a81,Recent Advancements in Understanding of Growth and Properties of Antiwear Tribofilms Derived from Zinc Dialkyl Dithiophosphate Additives under Nanoscale Sliding Contacts,"Zinc dialkyl dithiophosphate (ZDDP) is a key antiwear additive in lubricants that forms robust phosphate glass-based tribofilms to mitigate wear on rubbing surfaces. The quest to unravel the enigma of these antiwear film formations on sliding surfaces has persisted as an enduring mystery, despite nearly a century of fervent research. This paper presents a comprehensive review of nanotribological investigations, centering on the tribochemical decomposition of ZDDP antiwear additives. The core of ",Manufacturing & Industry 4.0,Tribology & Bearing Performance,0.92,haiku,Manufacturing & Industry 4.0,Tribology & Bearing Performance,Y,Y,,,
69deca464e2d2a5b77ed9c1e,ApoptomiRs of breast cancer: Basics to clinics,"Apoptosis, a form of programmed cell death, is a highly regulated process, the deregulation of which has been associated with the tumor initiation, progression, and metastasis in various cancers including breast cancer. Induction of apoptosis is a popular target of various therapies currently being tested or used for breast cancer treatment. Thus, identifying apoptotic mediators and regulators is imperative for molecular biologists and clinicians for benefit of patients. The regulation of apopto",Healthcare & MedTech,Cellular & Molecular Biology,0.92,haiku,Healthcare & MedTech,Cellular & Molecular Biology,Y,Y,,,
69deca4e4e2d2a5b77edb17e,Dynamic neural network-based robust observers for second-order uncertain nonlinear systems,"A dynamic neural network (DNN) based robust observer for second-order uncertain nonlinear systems is developed. The observer structure consists of a DNN to estimate the system dynamics on-line, a dynamic filter to estimate the unmeasurable state and a sliding mode feedback term to account for modeling errors and exogenous disturbances. The observed states are proven to asymptotically converge to the system states though Lyapunov-based stability analysis. © 2011 IEEE.","AI/ML, Supercomputing & Quantum Computing",Control Systems & Linear Dynamical Systems,0.92,haiku,"AI/ML, Supercomputing & Quantum Computing",Control Systems & Linear Dynamical Systems,Y,Y,,,
69deca624e2d2a5b77edda75,A financial evaluation of biomass-gasifier-based power generation in India,A preliminary financial evaluation of biomass-gasifier-based power generation in India was undertaken. Simple cost functions were developed and used for this purpose. The unit cost of electricity has been estimated for a variety of scenarios taking into account some of the uncertainties associated with this emerging technology in India. A preliminary financial evaluation of biomass-gasifer-based power generation in India was undertaken. Simple cost functions were developed and used for this purp,"Energy, Sustainability & Climate Change",Biomass & Biofuel Technologies,0.92,haiku,"Energy, Sustainability & Climate Change",Biomass & Biofuel Technologies,Y,Y,,,
69deca484e2d2a5b77eda3ba,Transfer of 2D Nanostructures with Reduced Residues: Influence of Water-soluble Layer and Fabrication of Photodetector,"The application of 2D materials in electronics and optoelectronics requires a clean transfer process. Although the conventional transfer method has been employed to transfer 2D materials, it is ineffective for device application and large-area transfers. Here, we developed a water-soluble layer-based transfer (WSLT) technology that allows for the damage-free and clean transfer of 2D materials. The transferred film preserves the optical and electrical quality of the as-grown film as a consequence",Quantum Technologies & Semiconductor Technology,Semiconductor Photovoltaic & Photodetection Devices,0.92,haiku,Quantum Technologies & Semiconductor Technology,Semiconductor Photovoltaic & Photodetection Devices,Y,Y,,,
69deca204e2d2a5b77ed49c7,Multirate output feedback based robust quasi-sliding mode control of discrete-time systems,"Over the last few years, the research on discrete-time sliding mode control has received a considerable attention. Unlike its continuoustime counterpart, discrete-time sliding mode control is not invariant in general. In this note, an algorithm is presented for robust discrete-time sliding mode control using the concept of multirate output feedback. © 2007 IEEE.","AI/ML, Supercomputing & Quantum Computing",Control Systems & Linear Dynamical Systems,0.92,haiku,"AI/ML, Supercomputing & Quantum Computing",Control Systems & Linear Dynamical Systems,Y,Y,,,
69dec9fb4e2d2a5b77ecef97,Laser pulse focusing and energetic electron generation by magnetised plasma lens,An efficient novel mechanism of laser pulse focusing with the help of a shaped underdense plasma target immersed in an inhomogeneous magnetic field has been demonstrated. These studies have been carried out with the help of two-dimensional particle-in-cell simulation employing the OSIRIS 4.0 platform. It is shown that the divergent magnetic field profile compresses the electromagnetic wave pulse in the transverse direction. A comparative investigation with plane and lens-shaped plasma geometries,Next-Gen Communication,Plasma-Wave & Electromagnetic Interactions,0.92,haiku,Next-Gen Communication,Plasma-Wave & Electromagnetic Interactions,Y,Y,,,
69deca214e2d2a5b77ed4cab,S-ALOHA Systems with Successive Transmission: Emulating CSMA System,"In slotted-ALOHA (S-ALOHA) system, users should contend for the channel to transmit a packet in their queue every single time, irrespective of how many packets they have in their queue. The maximum throughput of S-ALOHA system is known as e-1 ≈ 0.3679 (packets/slot) for a large number of users. This work proposes a novel S-ALOHA system, where the user with a successful (re)transmission of the packet at the head of queue is allowed to keep on transmitting his packet with some reservation probabil",Next-Gen Communication,Wireless Network Access & Resource Allocation,0.92,haiku,Next-Gen Communication,Wireless Network Access & Resource Allocation,Y,Y,,,
6a25fe5b2b6042b763867441,The Role of Global Datasets for Flood Risk Management at National Scales,"Over the last two decades, several datasets have been developed to
assess flood risk at the global scale. In recent years, some of these
datasets have become detailed enough to be informative at national
scales. The use of these datasets nationally could have enormous
benefits in areas lacking existing flood risk information and allow
better flood management decisions and disaster response. In this study,
we evaluate the usefulness of global data for assessing flood risk in
five countries: Colom",Smart & Sustainable Infrastructure,Hydrology & Water Resources Management,0.92,haiku,Smart & Sustainable Infrastructure,Hydrology & Water Resources Management,Y,Y,,,
69deca204e2d2a5b77ed4983,Finite time eigenaxis rotation using quaternion feedback,"The attitude of the spacecraft is its angular orientation in space. Attitude control design of a satellite system is an important area of space technology. An efficient controller is required to take the satellite system to its target orientation. In some cases, the maneuver need to be completed within a finite time. This paper introduces a novel control law which achieves finite time convergence to the required orientation. The control laws are shown to converge in a finite time for the satelli","AI/ML, Supercomputing & Quantum Computing",Control Systems & Linear Dynamical Systems,0.92,haiku,"AI/ML, Supercomputing & Quantum Computing",Control Systems & Linear Dynamical Systems,Y,Y,,,
69deca444e2d2a5b77ed9651,Quantification of risk mitigation environment of supply chains using graph theory and matrix methods,"Today supply chains leverage their partner’s competencies and in the process also inherit the risks associated with various links of a supply chain. Although it is impossible to completely eliminate various risks, an environment can be created which helps to effectively mitigate risk. The most difficult part of Supply Chain Risk Management (SCRM) is an understanding of the variables related to risk mitigation and their relative interdependencies. This paper presents a conceptual framework which ","Social Sciences, Humanities & Management",Supply Chain & Operations Management,0.92,haiku,"Social Sciences, Humanities & Management",Supply Chain & Operations Management,Y,Y,,,
69deca574e2d2a5b77edc734,Highly luminescent Mn-doped ZnS nanocrystals: Gram-scale synthesis,"Following growth doping technique, highly luminescent (quantum yield > 50%) Mn-doped ZnS nanocrystals are synthesized via colloidal synthetic technique. The dopant emission has been optimized with varying reaction parameters and found the ratio of Zn to S as well as the percentage of introduced dopant in the reaction mixture are key factors for controlling the intensity. The method is simple, hassle free, and can be scalable to gram level without hindering the quality of nanocrystals. These nano",Advanced Materials & Devices,Rare-Earth Doped Luminescent Materials,0.92,haiku,Advanced Materials & Devices,Rare-Earth Doped Luminescent Materials,Y,Y,,,
69deca0e4e2d2a5b77ed1fa7,Multi-objective reconfigurable three phase off-board charger for EV,"In this paper, a three phase off-board charger is proposed that has a bi-directional flow of active power. The charger uses both solar photo voltaic (PV) array and grid energy to charge the electric vehicle (EV) battery. Moreover, the charger also feeds the solar PV array and battery energy into the grid. To achieve this, the charger has a provision to act as a standalone generator to generate the sinusoidal voltage of reference amplitude and frequency. In case of grid outage, unavailability of ","Energy, Sustainability & Climate Change",Electric Vehicle Battery & Charging Systems,0.92,haiku,"Energy, Sustainability & Climate Change",Electric Vehicle Battery & Charging Systems,Y,Y,,,
69deca424e2d2a5b77ed9350,Stability analysis of jointed rock slope evaluated by 3DEC,Indian Railways has an ambitious plan to connect Jammu Kashmir with the rest of the country. As a part of this plan Udhampur-Srinagar-Barahmula-railway line was proposed to be constructed. Between Katra and Qazigund section this railway line crosses the river Anjikhad. An arch bridge is proposed to be constructed. The natural slopes of both the abutments are inclined between 50°-65°. The rock slopes are composed of highly jointed rock mass and the joint spacing and orientation are varying at dif,Smart & Sustainable Infrastructure,Structural Dynamics & Seismic Engineering,0.9,haiku,Smart & Sustainable Infrastructure,Structural Dynamics & Seismic Engineering,Y,Y,,,
69deca034e2d2a5b77ed03a2,Mode Evolution in a Three-Core Photonic Lantern,"Photonic Lanterns are structures introduced to meet the demands of space-division multiplexing, they form a bridge between SMFs and FMFs. In this paper we have discuss the mode evolution of the modes of Single Mode fibers into the super-modes of the adiabatically tapered structure, which eventually leads onto a FMF.",Quantum Technologies & Semiconductor Technology,Fiber Photonic Devices & Engineering,0.85,haiku,Quantum Technologies & Semiconductor Technology,Fiber Photonic Devices & Engineering,Y,Y,,,
69deca474e2d2a5b77ed9f13,Effect of abrasive water jet peening on NaCl-induced hot corrosion behavior of Ti–6Al–4V,"Hot corrosion studies were performed on pristine and abrasive water jet peened (AWJP) Ti–6Al–4V surfaces. Oxide scales form on the peened and pristine surfaces when coated with NaCl and exposed to 600 °C for 100 h. Despite similar oxide compositions on both surfaces, the thickness and roughness of the oxide scale on the AWJ peened surface is lower. The hot corrosion rate of the pristine surface is 2.5 times higher than that on the AWJ peened surface. Enhanced hot corrosion resistance of the latt",Manufacturing & Industry 4.0,Advanced Surface Finishing & Processing,0.85,haiku,Manufacturing & Industry 4.0,Advanced Surface Finishing & Processing,Y,Y,,,
69deca5d4e2d2a5b77edcdab,Tunable intrinsic magnetic phase transition in pristine single-layer graphene nanoribbons,"In this paper, we report on the interesting phenomenon of magnetic phase transitions (MPTs) observed under the combined influence of an electric field (E) and temperature (T) leading to a thermo-electromagnetic effect on the pristine single-layer zigzag graphene nanoribbon (szGNR). Density functional theory-based first principles calculations have been deployed for this study on the intrinsic magnetic properties of graphene. Interestingly, by tuning electric field (E) and temperature (T), three ",Quantum Technologies & Semiconductor Technology,Spintronics & Magnetic Devices,0.85,haiku,Quantum Technologies & Semiconductor Technology,Spintronics & Magnetic Devices,Y,Y,,,
69deca2a4e2d2a5b77ed61ca,Lint Release Characteristics of Nonwoven Wipes,"Wipes are used to clean surfaces and can be used in either dry or wet/impregnated form. Disposable nonwoven wipes are increasingly used for diverse personal, household, industrial and medical applications. Global market size of wipes is more than 4 billion USD and is growing rapidly. The major properties desired in a medical wipe material are high absorption, low static and gliding friction, non-allergic characteristics, reasonable life and minimal particle release characteristics along with goo",Manufacturing & Industry 4.0,Textile Manufacturing & Fabric Properties,0.85,haiku,Manufacturing & Industry 4.0,Textile Manufacturing & Fabric Properties,Y,Y,,,
69deca644e2d2a5b77ede0b7,Structure and properties of diamond thin films grown by hot-filament chemical vapour deposition technique,"Diamond thin films are of tremendous technological importance today. Both electronic and non electronic applications of diamond thin film require them to be reproducible and of high crystalline quality, i.e., free of impurities. We have deposited high quality diamond thin films over an area of 1 inch<sup>2</sup> by hot-filament chemical vapour deposition technique with CH<inf>4</inf> and H<inf>2</inf> as the source gases. Detailed characterization of these films by the micro-Raman spectroscopy, ",Advanced Materials & Devices,Ion Beam & Thin Film Engineering,0.85,haiku,Advanced Materials & Devices,Ion Beam & Thin Film Engineering,Y,Y,,,
69deca3a4e2d2a5b77ed812b,Angle dependent localized surface plasmon resonance from near surface implanted silver nanoparticles in SiO2 thin film,"Near surface silver nanoparticles embedded in silicon oxide were obtained by 40 keV silver negative ion implantation without the requirement of an annealing step. Ion beam induced local heating within the film leads to an exodiffusion of the silver ions towards the film surface, resulting in the protrusion of larger nanoparticles. Cross-sectional transmission electron microscopy reveals the presence of poly-disperse nanoparticles (NPs), ranging between 2 nm and 20 nm, at different depths of the ",Quantum Technologies & Semiconductor Technology,Plasmonic & Fiber Optic Sensors,0.85,haiku,Quantum Technologies & Semiconductor Technology,Plasmonic & Fiber Optic Sensors,Y,Y,,,
69deca0b4e2d2a5b77ed1825,Context-based semantic tagging of multimedia data,"With the rapid growth of broadcast systems and ease of accessing internet services, lots of information is available and accessible on the web. The information available in multimedia documents may have different context and content. Since, interpretation of multimedia content cannot be free of context so tagging on the basis on context is indispensable for dealing with this problem. Tagging plays an important role in retrieving multimedia data as now-a-days most of the videos are retrieved base","AI/ML, Supercomputing & Quantum Computing",Natural Language Processing & Information Retrieval,0.85,haiku,"AI/ML, Supercomputing & Quantum Computing",Natural Language Processing & Information Retrieval,Y,Y,,,
69deca554e2d2a5b77edc3b5,A novel intuitionistic fuzzy approach for tumour/hemorrhage detection in medical images,"This study presents a novel method to detect edges that clusters, thresholds, and then detects edges of tumour/ hemorrhage region using intuitionistic fuzzy set theory. Clustering segments image into several clusters and histogram thresholding eliminates unwanted clusters that are not related to tumour/hemorrhage region. Finally, image is edge detected, where a clear boundary is obtained. Proposed method performs better than existing edge detection methods.",Healthcare & MedTech,Clinical AI & Medical Imaging Analytics,0.85,haiku,Healthcare & MedTech,Clinical AI & Medical Imaging Analytics,Y,Y,,,
6a13eb6e2b6042b76346832c,Antecedents of User Experience for Generative Artificial Intelligence Applications,"As an emerging technology, Generative Artificial Intelligence holds immense potential for application across various levels of business and management. The advancements in Gen AI have transcended traditional AI systems. Few studies exist discussing the potential of the technology, though there is a dearth of studies that empirically examine the factors associated with the corresponding user experience. A total of 30,000 critical user reviews were obtained from seven different Generative artifici","Social Sciences, Humanities & Management",Digital Culture & Consumer Experience,0.85,haiku,"Social Sciences, Humanities & Management",Digital Culture & Consumer Experience,Y,Y,,,
69deca324e2d2a5b77ed7507,Cardiac ultrasound image enhancement using tissue selective total variation regularization,"Speckle reduction is desired to improve the quality of ultrasound images. However, a uniform speckle reduction from the entire image results in loss of important information, especially in cardiac ultrasound images. In this paper, a tissue selective total variation regularization approach is proposed for the enhancement of cardiac ultrasound images. It measures the pixel probability of belonging to blood regions and uses it in the total variation framework. As a result, the unwanted speckle from",Healthcare & MedTech,Clinical AI & Medical Imaging Analytics,0.85,haiku,Healthcare & MedTech,Clinical AI & Medical Imaging Analytics,Y,Y,,,
69deca244e2d2a5b77ed555e,Investigation on filtration properties of polyester needle-punched dust filter,"In nonwoven filter fabrics, virgin polyester fibre is mostly used. Therefore, this study has been conducted with the use of virgin polyester fibre and recycled polyester fibre which is obtained after recycling of post-consumer bottle flakes to reduce the cost of filter fabric. The study is concerned to examine the effect of fabric GSM (grams/m<sup>2</sup>), needling density and depth of needle penetration on filtration efficiency and also to see the suitability of recycled polyester fibre in pla",Manufacturing & Industry 4.0,Textile Manufacturing & Fabric Properties,0.85,haiku,Manufacturing & Industry 4.0,Textile Manufacturing & Fabric Properties,Y,Y,,,
69deca4a4e2d2a5b77eda7f1,Integration and prediction difficulty in hindi sentence comprehension: Evidence from an eye-tracking corpus,"This is the first attempt at characterizing reading difficulty in Hindi using naturally occurring sentences. We created the Potsdam-Allahabad Hindi Eyetracking Corpus by recording eye-movement data from 30 participants at the University of Allahabad. India. The target stimuli were 153 sentences selected from the beta version of the Hindi-Urdu treebank. We find that word- or low-level predictors (syllable length, unigram and bigram frequency) affect first-pass reading times, regression path dura-","Social Sciences, Humanities & Management",Computational Linguistics & Language Processing,0.85,haiku,"Social Sciences, Humanities & Management",Computational Linguistics & Language Processing,Y,Y,,,
69deca224e2d2a5b77ed4dd5,Performance evaluation of reactors designed for bioconversion of wheat straw to animal feed,A chronology of reactor design from laboratory scale to pilot scale for the bioconversion of wheat straw to animal feed is presented. The engineering criteria considered at each stage of development are discussed. Designs were executed at each stage and their performance was compared based on engineering and bioconversion parameters. Illustrative detailed analyses of data obtained from performance evaluation experiments from selected designs are provided. Schematics diagrams of the different gen,Manufacturing & Industry 4.0,Biomanufacturing & Fermentation Processes,0.85,haiku,Manufacturing & Industry 4.0,Biomanufacturing & Fermentation Processes,Y,Y,,,
69deca054e2d2a5b77ed07f3,Utility of whiskerized carbon fabric surfaces in resistive heating of composites,"In the present study, the embedding ZnO nano-whiskers (NWs) on carbon fiber (CF) surface was carried out to study the changes in Ohmic heating and mechanical stability of carbon fabric reinforced green epoxy composite laminates. The ZnO NWs were grown onto the CF surface by hydrothermal method and subsequently the laminate composites with different number of carbon woven layers were prepared. To study the resistive heating behavior of the laminate composites, the temperature versus time curves w",Advanced Materials & Devices,Composite & Laminate Structures,0.85,haiku,Advanced Materials & Devices,Composite & Laminate Structures,Y,Y,,,
69deca2c4e2d2a5b77ed65b5,Geoecological integrity index for assessment and prioritisation of watersheds in the Indian northwestern Himalayan region using geoinformatics,"Abstract: Biotic, abiotic and anthropogenic factors are considered in isolation for prioritisation of watersheds. Instead, it requires a multidisciplinary geoecolocical approach. The geoecology based prioritisation provides opportunities to assess the region by evaluating these multiple factors in combination. Thus, Geoecological Integrity Index (GII) was developed for prioritisation of Baner River watersheds of Indian northwestern Himalayan region by integrating biotic, abiotic and anthropogeni",Smart & Sustainable Infrastructure,Hydrology & Water Resources Management,0.85,haiku,Smart & Sustainable Infrastructure,Hydrology & Water Resources Management,Y,Y,,,
69deca4a4e2d2a5b77eda79d,A perturbed martingale approach to global optimization,"A new global stochastic search, guided mainly through derivative-free directional information computable from the sample statistical moments of the design variables within a Monte Carlo setup, is proposed. The search is aided by imparting to the directional update term additional layers of random perturbations referred to as 'coalescence' and 'scrambling'. A selection step, constituting yet another avenue for random perturbation, completes the global search. The direction-driven nature of the se","AI/ML, Supercomputing & Quantum Computing",Algorithms & Computational Complexity,0.85,haiku,"AI/ML, Supercomputing & Quantum Computing",Algorithms & Computational Complexity,Y,Y,,,
69deca5f4e2d2a5b77edd287,Impact of Driving Behaviour on Energy Consumption of Electric Vehicle,"Electric Vehicles (EV) are considered to be a promising alternative to internal combustion engine (ICE) vehicles. However, its driving range still poses inhibition to its acceptance. This range anxiety is greatly determined by driving behaviour of EV user. As driving patterns vary on an individual basis, energy consumption for the same distance and environmental conditions could be vastly different. The velocity profile can have an important impact on their energy consumption and thus their driv","Energy, Sustainability & Climate Change",Electric Vehicle Battery & Charging Systems,0.85,haiku,"Energy, Sustainability & Climate Change",Electric Vehicle Battery & Charging Systems,Y,Y,,,
69deca5c4e2d2a5b77edcc40,Composition-Dependent Thermodynamic Factor and Tracer Diffusion of A15-V3Ga Intermetallic Compound,"We determined the compositional dependence of thermodynamic factor in the V<inf>3</inf>Ga phase using CALPHAD-based study for which the Thermocalc software was utilized. Further, we calculated the tracer diffusion coefficients for the individual components in the grown V<inf>3</inf>Ga phase in a binary V–Ga system using Darken’s–Manning equation. We also examined the importance of partial molar volume of components towards the behaviour of tracer diffusion of different components in V<inf>3</inf",Advanced Materials & Devices,Alloys & Structural Metals,0.85,haiku,Advanced Materials & Devices,Alloys & Structural Metals,Y,Y,,,
69deca024e2d2a5b77ed00e2,Development of 350 MHz quarter wave coaxial resonator for power coupler testing,"High Power Coaxial RF Couplers ( 50 kW, CW, 350 MHz) with inductive coupling are presently under development at NPD, BARC. These couplers require high power conditioning for their successful operation. A compact coaxial resonator has been designed and developed. Low power prototype has been tested and tuned to the desired frequency with good agreement between CST Microwave simulations and measurement results. In this paper salient features of these developments are presented. ©2009 IEEE.",Next-Gen Communication,Antenna Design & RF Systems,0.85,haiku,Next-Gen Communication,Antenna Design & RF Systems,Y,Y,,,
69dec9f54e2d2a5b77ece382,Performance of elliptical pin fin heat exchanger with three elliptical perforations,"A computational investigation has been carried out to assess the heat transfer and pressure drop characteristics of elliptical pin fins arranged in a rectangular duct in a staggered manner. Two types of elliptical pin fins have been considered for this purpose, namely, solid elliptical and perforated elliptical pin fins. Three perforations of elliptical cross sections are considered in the elliptical pin fins. Pressure, temperature and velocity profiles at different locations within the computat",Manufacturing & Industry 4.0,Fluid-Particle Flow & Multiphase Systems,0.82,sonnet,Manufacturing & Industry 4.0,Fluid-Particle Flow & Multiphase Systems,Y,Y,,,
69deca1a4e2d2a5b77ed3b2f,QoS and Privacy-Aware Routing for 5G-Enabled Industrial Internet of Things: A Federated Reinforcement Learning Approach,"The development and maturity of the fifth-generation (5G) wireless communication technology provides the industrial Internet of Things (IIoT) with ultra-reliable and low-latency communications and massive machine-type communications, and forms a novel IIoT architecture, 5G-IIoT. However, massive data transfer between interconnecting industrial devices also brings new challenges for the 5G-IIoT routing process in terms of latency, load balancing, and data privacy, which affect the development of ",Next-Gen Communication,Wireless Network Access & Resource Allocation,0.78,haiku,Next-Gen Communication,Wireless Network Access & Resource Allocation,Y,Y,,,
69deca464e2d2a5b77ed9d2a,Landslides hazard mapping using high-resolution satellite data,"Landslides are one of the severe natural hazards induced by heavy rainfall, deforestation, slope failure and urban expansion. It can lead to significant loss of life and property in hilly and gully regions. Field studies that identify and map landslides are expensive and time-consuming as it includes the cost of the survey, travelling, workforce, and instrument. Although progression in technology and availability of high-resolution remote sensing data has now made it possible to identify landsli",Smart & Sustainable Infrastructure,Hydrology & Water Resources Management,0.78,haiku,Smart & Sustainable Infrastructure,Hydrology & Water Resources Management,Y,Y,,,
69deca544e2d2a5b77edc010,Power converter systems for consumer electronics devices,"This paper discusses a network theory prospective of a power converter system used in consumer electronics devices (CED). As step-down buck converters are most widely used topology in this field of application, their operation is discussed in this paper. A power converter works as a system with power stage and controller working as a single unit. The power stage is designed to process power at higher voltage/current and the controller forces the converter system to behave like a voltage or curre",Manufacturing & Industry 4.0,Electric Motor Drives & Power Electronics,0.75,haiku,Manufacturing & Industry 4.0,Electric Motor Drives & Power Electronics,Y,Y,,,
69deca0b4e2d2a5b77ed170b,Dual Thinking and Logical Processing in Human Vision and Multimodal Large Language Models,"The dual thinking framework considers fast, intuitive, and slower logical processing. The perception of dual thinking in vision requires images where inferences from intuitive and logical processing differ, and the latter is under-explored in current studies. We introduce a novel adversarial dataset to provide evidence for the dual thinking framework in human vision, which also facilitates the study of the qualitative behavior of deep learning models. Our psychophysical studies show the presence","AI/ML, Supercomputing & Quantum Computing",Machine Learning & Neural Networks,0.75,haiku,"AI/ML, Supercomputing & Quantum Computing",Machine Learning & Neural Networks,Y,Y,,,
69deca614e2d2a5b77edd79e,Synthesizing Multi-threaded Tests from Sequential Traces to Detect Communication Deadlocks,"Multi-threaded libraries, including the ones advertised as thread-safe, may contain concurrency bugs, and worse, may not include relevant test cases that can drive the program execution towards bug-prone interleavings. Also, the effectiveness of dynamic verification, a prominent concurrency bug detection technique, depends critically on the availability of relevant test cases. Generating such test cases automatically to assist dynamic verification is, therefore, a significant problem.Among hard-","AI/ML, Supercomputing & Quantum Computing",Algorithms & Computational Complexity,0.75,haiku,"AI/ML, Supercomputing & Quantum Computing",Algorithms & Computational Complexity,Y,Y,,,
69deca3b4e2d2a5b77ed831f,Super resolution of images of 3D scenecs,We address the problem of super resolved generation of novel views of a 3D scene with the reference images obtained from cameras in general positions; a problem which has not been tackled before in the context of super resolution and is also of importance to the field of image based rendering. We formulate the problem as one of estimation of the color at each pixel in the high resolution novel view without explicit and accurate depth recovery. We employ a reconstruction based approach using MRF-,"AI/ML, Supercomputing & Quantum Computing",Machine Learning & Neural Networks,0.75,haiku,"AI/ML, Supercomputing & Quantum Computing",Machine Learning & Neural Networks,Y,Y,,,
69dec9f64e2d2a5b77ece559,Numerical modelling of storm surges in the Arabian Sea,"Using the basic hydrodynamic equations governing motion in the sea, a coastal zone numerical model has been developed for the prediction of storm surges along the west coast of India. Numerical experiments were performed with the help of this model to simulate the surge generated by the devastating 1975 Porbandar cyclone. The results of the experiments were in good agreement with the reported values along the Gujarat coast. © 1985.",Smart & Sustainable Infrastructure,Hydrology & Water Resources Management,0.75,haiku,Smart & Sustainable Infrastructure,Hydrology & Water Resources Management,Y,Y,,,
69deca1b4e2d2a5b77ed3da4,Channel Access Strategies for Control-Communication Co-Designed Networks,"In this article, we develop a communication-control co-design framework in a wireless networked control system with multiple geographically separated controllers and controlled systems, modeled via a Poisson point process. Each controlled system consists of an actuator, plant, and sensor. Controllers receive state estimates from sensors and design control inputs, which are sent to actuators over a shared wireless channel, causing interference. Our co-design includes control strategies at the con",Next-Gen Communication,Wireless Network Access & Resource Allocation,0.75,haiku,Next-Gen Communication,Wireless Network Access & Resource Allocation,Y,Y,,,
6a26bee72b6042b76389ba94,Dynamic traffic assignment for electric vehicles,"Frequent and severe waterlogging caused by climate change poses significant challenges to urban infrastructure systems, particularly transportation networks (TNs) and distribution networks (DNs), necessitating efficient restoration strategies. This study proposes a collaborative scheduling framework for post-disaster restoration in waterlogging scenarios, addressing the impact of waterlogging on both transportation and distribution systems. The method integrates electric vehicles (EVs), mobile p",Smart & Sustainable Infrastructure,Transportation Systems & Traffic Management,0.75,haiku,Smart & Sustainable Infrastructure,Transportation Systems & Traffic Management,Y,Y,,,
6a26bb922b6042b76389a04d,Non‐isolated bidirectional DC–DC converters with multi‐converter functionality employing novel start‐up and mode transition techniques,"This work targets reducing the mode transition time drastically, for two of the bidirectional DC–DC converters (BDCs) employed in energy storage systems, simultaneously proposing a smooth start-up process. Two different mode transition techniques are introduced for topology A (proposed) and topology B, respectively, whose transition times are much smaller than the existing transition techniques. Topologies A and B are capable of performing all basic converter operations, i.e. buck, boost, invert","Energy, Sustainability & Climate Change",Electric Vehicle Battery & Charging Systems,0.75,haiku,"Energy, Sustainability & Climate Change",Electric Vehicle Battery & Charging Systems,Y,Y,,,
69deca664e2d2a5b77ede3e3,On bivariate fractal interpolation for countable data and associated nonlinear fractal operator,"Fractal interpolation has been conventionally treated as a method to construct a univariate continuous function interpolating a given finite data set with the distinguishing property that the graph of the interpolating function is the attractor of a suitable iterated function system. On the one hand, attempts have been made to extend the univariate fractal interpolation from a finite data set to a countably infinite set. On the other hand, fractal interpolation in higher dimensions, particularly","AI/ML, Supercomputing & Quantum Computing",Algorithms & Computational Complexity,0.75,haiku,"AI/ML, Supercomputing & Quantum Computing",Algorithms & Computational Complexity,Y,Y,,,
69deca1a4e2d2a5b77ed3a1a,Study of a hybrid solar system-solar air heater combined with solar cells,"In a conventional solar thermal system, electrical energy is needed to circulate the fluid. This energy is supplied by an electrical source. A hybrid system, a combination of thermal and photovoltaic systems can generate sufficient electrical energy to turn the pump. The solar cells are pasted directly over the absorber plate. The part of the solar radiation falling on the cell area is converted into electrical energy, and part is collected by the flowing air. A hybrid system is, thus, operated ","Energy, Sustainability & Climate Change",Solar Thermal Energy & Heat Transfer Systems,0.75,haiku,"Energy, Sustainability & Climate Change",Solar Thermal Energy & Heat Transfer Systems,Y,Y,,,
69deca184e2d2a5b77ed36e2,A short-term ensemble wind speed forecasting system for wind power applications,"This study develops an adaptive, blended forecasting system to provide accurate wind speed forecasts 1h ahead of time for wind power applications. The system consists of an ensemble of 21 forecasts with different configurations of the Weather Research and Forecasting Single Column Model and persistence, autoregressive, and autoregressive moving-average models. The ensemble is calibrated against observations for a 6-month period (January-June 2006) at a potential wind-farm site in Illinois using ","Energy, Sustainability & Climate Change",Grid Integration & Smart Microgrids,0.75,haiku,"Energy, Sustainability & Climate Change",Grid Integration & Smart Microgrids,Y,Y,,,
69deca234e2d2a5b77ed5194,Designing a square periodic racemic helix photonic metamaterial using phase-controlled interference lithography for tailored chiral response,"In this study, we propose a double exposure phase-controlled laser interference lithography (DE-PCLIL) approach in 4 + 1 beams interference to design a three-dimensional (3D) racemic helical periodic nanostructure. The explicit azimuthal rotation of each beam by π/2 between the two exposures and the resultant intensity distribution discover the racemic 3D helix structure arranged in the square unit cell. The proof of concept is experimentally demonstrated by recording a series of cross-sectional",Quantum Technologies & Semiconductor Technology,Structured Light & Polarization Engineering,0.75,haiku,Quantum Technologies & Semiconductor Technology,Structured Light & Polarization Engineering,Y,Y,,,
69deca0e4e2d2a5b77ed1e89,Solar Photovoltaic Array fed Push-Pull Buck DC-DC Converter for Telecom Load,"This paper discusses the solar photovoltaic (SPV) array fed telecom load using modular push-pull buck dc-dc converter as an intermediate converter. The straightforward boost converter with lesser number of components and single switch device has inherent features of reducing the ripples in its output current. Also, the proposed front-end structure extracts maximum power in the boundless region. The SPV array is designed such that the power at rated dc voltage is supplied to the telecon load and ","Energy, Sustainability & Climate Change",Grid Integration & Smart Microgrids,0.75,haiku,"Energy, Sustainability & Climate Change",Grid Integration & Smart Microgrids,Y,Y,,,
69deca494e2d2a5b77eda5dd,Dynamics of Serial Rigid–Flexible Robots,"In this chapter, dynamic modeling of serial robots comprising both rigid and flexible links is presented. Such robots are referred here as rigid–flexible robots. First, their kinematics is described, followed by the scheme used to discretize the deflection of each flexible link. Then, some definitions, similar to those defined for rigid robots in Chap. 2, are also introduced for the rigid–flexible robots. The decoupled natural orthogonal complement (DeNOC) matrices for systems with mixed rigid a","AI/ML, Supercomputing & Quantum Computing",Control Systems & Linear Dynamical Systems,0.75,haiku,"AI/ML, Supercomputing & Quantum Computing",Control Systems & Linear Dynamical Systems,Y,Y,,,
69deca474e2d2a5b77ed9ee0,Scale periodicity and its sampling theorem,"The scale transform is a new representation for signals, offering perspective that is different from the Fourier transform. In this correspondence, we introduce the notion of a scale periodic function. These functions are then represented through the discrete scale series. We also define the notion of a strictly scale-limited signal. Analogous to the Shannon interpolation formula, we show that such signals can be exactly reconstructed from exponentially spaced samples of the signal in the time d","AI/ML, Supercomputing & Quantum Computing",Algorithms & Computational Complexity,0.75,haiku,"AI/ML, Supercomputing & Quantum Computing",Algorithms & Computational Complexity,Y,Y,,,
69dec9fb4e2d2a5b77ecee98,Analysis of cardiac dynamics due to local anesthesia during third molar tooth extraction using heart rate variability,"In this study, we performed heart rate variability (HRV) analysis of the non-medically compromised patients undergoing tooth extraction procedure using 2 ml local anaesthetic volume of 2% lignocaine with adrenaline. The increase in heart rate due to vasoconstriction in the peripheral blood vessels has been quantifying the sympathetic stimulation to the local anesthesia (LA). The ECG signal is recorded from dental patients in resting condition (before local anesthesia), 2-3 min after injection of",Healthcare & MedTech,Clinical Diagnostics & Biomarkers,0.75,haiku,Healthcare & MedTech,Clinical Diagnostics & Biomarkers,Y,Y,,,
69dec9fc4e2d2a5b77ecf06c,Stabilization of beam-weibel instability by equilibrium density ripples,"In this paper, we present an approach to achieve suppression/complete stabilization of the transverse electromagnetic beam Weibel instability in counter streaming electron beams by modifying the background plasma with an equilibrium density ripple, shorter than the skin depth; this weakening is more pronounced when thermal effects are included. On the basis of a linear two stream fluid model, it is shown that the growth rate of transverse electromagnetic instabilities can be reduced to zero valu",Next-Gen Communication,Plasma-Wave & Electromagnetic Interactions,0.75,haiku,Next-Gen Communication,Plasma-Wave & Electromagnetic Interactions,Y,Y,,,
69deca644e2d2a5b77ede0ed,Influence of water molecules on the detection of volatile organic compounds (VOC) cancer biomarkers by nanocomposite quantum resistive vapor sensors vQRS,"The anticipated diagnosis of various fatal diseases from the analysis of volatile organic compounds (VOC) biomarkers of the volatolome is the object of very dynamic research. Nanocomposite-based quantum resistive vapor sensors (vQRS) exhibit strong advantages in the detection of biomarkers, as they can operate at room temperature with low consumption and sub ppm (part per million) sensitivity. However, to meet this application they need to detect some ppm or less amounts of biomarkers in patient",Healthcare & MedTech,Clinical Biosensors & Point-of-Care Devices,0.75,haiku,Healthcare & MedTech,Clinical Biosensors & Point-of-Care Devices,Y,Y,,,
69deca034e2d2a5b77ed0312,Compositional sequence determination of acrylonitrile-butyl acrylate copolymers by 13C n.m.r. spectroscopy,Acrylonitrile-butyl acrylate (A/B) copolymers of different monomer compositions were prepared by bulk polymerization using a free radical initiator. Copolymer compositions were determined by elemental analyses and comonomer reactivity ratios were determined using a non-linear least squares errors-in-variables model. Terminal and penultimate reactivity ratios were calculated using the observed monomer triad sequence distribution determined from <sup>13</sup>C{H} n.m.r. spectra. The triad sequence,Advanced Materials & Devices,Polymer Nanocomposites & Blends,0.75,haiku,Advanced Materials & Devices,Polymer Nanocomposites & Blends,Y,Y,,,
69deca104e2d2a5b77ed2373,A novel DC bus voltage sensorless PFC rectifier with improved voltage dynamics,"A novel DC bus voltage estimation algorithm with inherent cancellation of feedback voltage ripple is presented in this work. Design issues are discussed and simulation results arc presented. Apart from reduction of output voltage sensor, the proposed estimation algorithm also eliminates twice the line frequency ripple from the feedback path allowing a voltage controller bandwidth comparable to line frequency, suitable for most front-end Power Factor Corrected (PFC) Converter applications.",Manufacturing & Industry 4.0,Electric Motor Drives & Power Electronics,0.75,haiku,Manufacturing & Industry 4.0,Electric Motor Drives & Power Electronics,Y,Y,,,
69deca114e2d2a5b77ed2537,Electrochemically Derived Crystalline CuO from Covellite CuS Nanoplates: A Multifunctional Anode Material,"In the present era, electrochemical water splitting has been showcased as a reliable solution for alternative and sustainable energy development. The development of a cheap, albeit active, catalyst to split water at a substantial overpotential with long durability is a perdurable challenge. Moreover, understanding the nature of surface-active species under electrochemical conditions remains fundamentally important. A facile hydrothermal approach is herein adapted to prepare covellite (hexagonal)","Energy, Sustainability & Climate Change",Energy Storage Materials,0.75,haiku,"Energy, Sustainability & Climate Change",Energy Storage Materials,Y,Y,,,
69deca404e2d2a5b77ed8ecb,Identification of piecewise-linear mechanical oscillators via Bayesian model selection and parameter estimation,"The problem of identifying single degree-of-freedom (SDOF) nonlinear mechanical oscillators with piecewise-linear (PWL) restoring forces is considered. PWL nonlinear systems are a class of models that specify or approximate nonlinear systems via a set of locally-linear maps, each defined over different operating regions. They are useful in modelling hybrid phenomena common in practical situations, such as, systems with different modes of operation, or systems whose dynamics change because of phy","AI/ML, Supercomputing & Quantum Computing",Control Systems & Linear Dynamical Systems,0.75,haiku,"AI/ML, Supercomputing & Quantum Computing",Control Systems & Linear Dynamical Systems,Y,Y,,,
69deca614e2d2a5b77edd781,Mass and stiffness matrix updating of damped & coupled structure using normal response function method,"Quite often a structural dynamic finite element model is required to be updated so as to accurately predict the dynamic characteristics like natural frequencies & the mode shapes. Since in many situations undamped natural frequencies and mode shapes need to be predicted, it has generally been the practice in these situations to seek updating of only mass & stiffness matrix so as to obtain a reliable prediction model. Updating using frequency response functions (FRFs) has been one of the widely u",Smart & Sustainable Infrastructure,Structural Dynamics & Seismic Engineering,0.75,haiku,Smart & Sustainable Infrastructure,Structural Dynamics & Seismic Engineering,Y,Y,,,
69deca184e2d2a5b77ed3799,Effect of Detector’s Noise in White Light Interferometry Based Quantitative Phase Microscopy,The detector’s noise is one of the limiting factor in obtaining high spatial phase sensitivity in phase microscopy systems. The influence of detector’s noise on the spatial phase sensitivity of white light interference microscopy system is studied experimentally while employing single chip CCD and three chip color CCD camera as an imaging sensor. It was found that 3 chip color-CCD camera provides high spatial phase sensitive QPI.,Quantum Technologies & Semiconductor Technology,Semiconductor Photovoltaic & Photodetection Devices,0.72,haiku,Quantum Technologies & Semiconductor Technology,Semiconductor Photovoltaic & Photodetection Devices,Y,Y,,,
69deca474e2d2a5b77eda090,"Physicochemical properties, micronutrient uptake and bioavailability of zinc-fortified whole grain puffed rice","BACKGROUND: Puffed rice (PR) was fortified with zinc by modifying the traditional preconditioning steps of PR preparation by limited water soaking in fortificant premix solution containing zinc oxide or zinc sulfate in rice, in addition to traditionally used salt, followed by sun-drying to a moisture content of 150 g kg<sup>−1</sup> of rice and subsequent roasting at 250 °C for 10 s. The developed fortified PR was tested for physicochemical properties, as well as the bioavailability and toxicity","Social Sciences, Humanities & Management",Agricultural Economics & Consumer Behavior,0.72,sonnet,"Social Sciences, Humanities & Management",Agricultural Economics & Consumer Behavior,Y,Y,,,
69deca374e2d2a5b77ed7b61,"Visible light-mediated in situ generation of δ,δ-disubstituted p-quinone methides: Construction of a sterically congested quaternary stereocenter","An unprecedented visible light-assisted and zinc triflate-catalyzed construction of a diaryl-substituted quaternary stereocenter is reported. 2-(4-Hydroxyphenyl)-substituted aldehydes and ketones have been prepared in moderate to high yields via multicomponent reaction of acetylene, benzoquinone (BQ), and indole/aniline/thiol. The reaction is believed to proceed via in situ generation of p-quinone methide through a [2+2] cycloaddition-retroelectrocyclization of BQ and acetylene in blue light fol",Advanced Materials & Devices,Organometallic & Chalcogenide Synthesis,0.72,haiku,Advanced Materials & Devices,Organometallic & Chalcogenide Synthesis,Y,Y,,,
69deca254e2d2a5b77ed5653,Measurement of efficiency of auditory vs visual communication in HMI: A cognitive load approach,"As Human machine interaction (HMI) is becoming increasingly complex, the need to assess the efficiency of modes of human-machine communication are increasingly becoming relevant. Several methods to analyze the cognitive activity of users for HMI exist like verbal protocols, cognitive task analysis and physiological measures (EEG, MEG & fMRI) etc. In this paper, power spectrum analysis of EEG in parietal and occipital lobes of the human brain has been used for comparative study of efficiency of v","Social Sciences, Humanities & Management",Digital Culture & Consumer Experience,0.72,sonnet,"Social Sciences, Humanities & Management",Digital Culture & Consumer Experience,Y,Y,,,
69deca5d4e2d2a5b77edcefd,A differential receptor for selective and quantitative multi-ion analysis for Co2+ and Ni2+/Cu2+,"The differential mode of complexation of chromogenic sensor 3 with Co<sup>2+</sup> versus Ni<sup>2+</sup> (or Cu<sup>2+</sup>) at pH 4.0 in water leads to new absorption bands at λ<inf>max</inf> 620 nm in the case of Co<sup>2+</sup>, at λ<inf>max</inf> 380 and 460 nm for Ni<sup>2+</sup> and at λ<inf>max</inf> 460 nm for Cu<sup>2+</sup>. These differential responses allow sensor 3 to be used for the selective and quantitative estimation of Co<sup>2+</sup> and Ni<sup>2+</sup> or Co<sup>2+</sup> an",Advanced Materials & Devices,Organometallic & Chalcogenide Synthesis,0.72,sonnet,Advanced Materials & Devices,Organometallic & Chalcogenide Synthesis,Y,Y,,,
69deca5d4e2d2a5b77edce75,Lipase-catalyzed esterification of ethylene glycol to mono- and diesters. The effect of process parameters on reaction rate and product distribution,Diol fatty acid esters find a variety of industrial applications. The use of lipases in microaqueous environment provides an attractive route for synthesis of fatty acyl esters of ethylene glycol. The effect of various process parameters that play key roles in delineating reaction kinetics and distribution of mono- and diesters in the product have been studied.,Manufacturing & Industry 4.0,Biomanufacturing & Fermentation Processes,0.72,haiku,Manufacturing & Industry 4.0,Biomanufacturing & Fermentation Processes,Y,Y,,,
69deca654e2d2a5b77ede23d,What characteristics define the success of early-stage health-tech startups?,(No abstract available),"Social Sciences, Humanities & Management",Digital Transformation & IT Applications,0.72,haiku,"Social Sciences, Humanities & Management",Digital Transformation & IT Applications,Y,Y,,,
69deca084e2d2a5b77ed0ede,DNA minor groove binding of small molecules: Experimental and computational evidence,Eight indole derivatives were studied for their DNA binding ability using fluorescence quenching and molecular docking methods. These indole compounds have structural moieties similar as in few indole alkaloids. Experimental and theoretical studies have suggested that indole derivatives bind in the minor groove of DNA. Thermodynamic profiles of DNA complexes of indole derivatives were obtained from computational methods. The complexes were largely stabilized by H-bonding and van der Waal's force,Healthcare & MedTech,Drug Delivery & Molecular Therapeutics,0.72,haiku,Healthcare & MedTech,Drug Delivery & Molecular Therapeutics,Y,Y,,,
69deca414e2d2a5b77ed91ec,InCl3-CH3CN-H2O: An efficient catalyst-solvent combination for the synthesis of Perlin aldehydes and related compounds. Application in the synthesis of unnatural l-azasugars,"InCl<inf>3</inf>-CH<inf>3</inf>CN-H<inf>2</inf>O has been found to be an efficient catalyst-solvent combination for the synthesis of Perlin aldehydes and related compounds. While acetylated glycals afforded the Perlin aldehydes directly with InCl<inf>3</inf> and water, benzylated glycals on the other hand provided the hemiacetals under identical condition. The methodology reports a non-mercurial approach to Perlin aldehydes. Noteworthy is that this reaction is more facile as well as highly selec",Advanced Materials & Devices,Organometallic & Chalcogenide Synthesis,0.72,haiku,Advanced Materials & Devices,Organometallic & Chalcogenide Synthesis,Y,Y,,,
6a26be392b6042b76389b4de,On the mechanics (syntax) of indexical shift: Evidence from allocutive agreement in Magahi,,"Social Sciences, Humanities & Management",Computational Linguistics & Language Processing,0.72,haiku,"Social Sciences, Humanities & Management",Computational Linguistics & Language Processing,Y,Y,,,
69deca624e2d2a5b77edd9a9,Automatic classification of scientific groups as productive: An approach based on motif analysis,"One of the key aspects instrumental in the advancement of science relates to 'team science,' or in other words 'group' collaborations. There have been extensive studies analyzing various statistical properties of collaborations of individual or pairs of authors. However, the number of studies pertaining to groups/teams of scientists working together is limited in number. In this paper, we set an objective to study the productivity of group collaborations where groups are represented as small sub","Social Sciences, Humanities & Management",Social Media Analytics & Online Networks,0.72,haiku,"Social Sciences, Humanities & Management",Social Media Analytics & Online Networks,Y,Y,,,
69dec9fc4e2d2a5b77ecf1a6,Real-Time Confocal Imaging of Rare Morphological Transitions in Protein-free GUVs Uncovers Shallow Energy Landscapes for Membrane Assemblies,"Lipid vesicles exhibit a rich variety of morphologies shaped by the interplay of composition, curvature, and mechanical perturbations. In this study, we study rare spontaneous morphological remodeling events in phase separating (POPC:DPPC) and non-phase separating (POPC:DOPE) protein-free giant unilamellar vesicles (GUVs), under apparently unperturbed (isothermal/physical and chemical) conditions using real-time confocal microscopy. Quantitative analysis of these events through geometric analysi",Advanced Materials & Devices,Ionic Liquids & Soft Matter,0.72,haiku,Advanced Materials & Devices,Ionic Liquids & Soft Matter,Y,Y,,,
69deca414e2d2a5b77ed8fec,Characterization and evaluation of mycosterol secreted from endophytic strain of Gymnema sylvestre for inhibition of α-glucosidase activity,"Endophytic fungi produce various types of chemicals for establishment of niche within the host plant. Due to symbiotic association, they secrete pharmaceutically important bioactive compounds and enzyme inhibitors. In this research article, we have explored the potent α-glucosidse inhibitor (AGI) produced from Fusarium equiseti recovered from the leaf of Gymnema sylvestre through bioassay-guided fraction. This study investigated the biodiversity, phylogeny, antioxidant activity and α-glucosidse ",Healthcare & MedTech,Drug Delivery & Molecular Therapeutics,0.72,haiku,Healthcare & MedTech,Drug Delivery & Molecular Therapeutics,Y,Y,,,
69dec9f74e2d2a5b77ece820,An experimental study on the use of active constrained layer damping for thin curved smart shell structures,"Thin Open Curved Shell Structures constitute the major building block of many critical structures such as Aircraft Cabins, Ship Hulls and bodies of rockets and missiles. In the present work, an open thin curved shell made of Aluminium material has been chosen to investigate the potential of ACLD effectiveness with MFC Actuator. The shell ACLD system has been modelled using system identification method and converted into state space form for designing the control law of the LQR controller. Finite",Manufacturing & Industry 4.0,Rotor Dynamics & Vibration Analysis,0.72,haiku,Manufacturing & Industry 4.0,Rotor Dynamics & Vibration Analysis,Y,Y,,,
69deca284e2d2a5b77ed5d64,Impact of new MBBS curriculum on the 1st year students and burden on teaching faculty: Are we making the balance?,"Objectives: The Medical Council of India has introduced competency based medical education (CBME) for all the undergraduate medical students across the country. We conducted this study to assess the impact of new curriculum on students’ performance and the differential time utilization of the teaching faculty. Materials and Methods: It is a cross-sectional study conducted at ESIC Medical College and PGIMSR, Bengaluru during January to March 2020. The college has an intake of 100 under-graduate s","Social Sciences, Humanities & Management",Digital Transformation & IT Applications,0.72,haiku,"Social Sciences, Humanities & Management",Digital Transformation & IT Applications,Y,Y,,,
69deca144e2d2a5b77ed2be8,Fault diagnosis of automobile systems using fault tree based on digraph modeling,"Fault diagnosis of automobile systems is critical, as it adds-up to repair and maintenance time. It is, therefore, desired to make it efficient and effective. One of the conventional approaches is to use the fault tree diagram. But this approach is inadequate with its implicit system structure. Structure of the system means system elements and their interrelations. To alleviate this limitation, a new approach is suggested wherein the structure is in-built, i.e. incorporated explicitly, through d",Manufacturing & Industry 4.0,Rotor Dynamics & Vibration Analysis,0.72,sonnet,Manufacturing & Industry 4.0,Rotor Dynamics & Vibration Analysis,Y,Y,,,
69deca184e2d2a5b77ed3508,Genotoxic effects of arsenic: Prevention by functional food-jaggery,"Arsenic contamination in groundwater is global human health hazard. There is no effective remedial action of chronic arsenicosis, however, a well-nourished diet can modulate the onset of adverse health effects and the delayed effect of arsenic in drinking water. In the present work, genotoxic effects induced by arsenic through parenteral administration and ameliorate by jaggery. Chromosomal aberrations were more pronounced in arsenic treated mice, while supplementation of jaggery with arsenic re",Healthcare & MedTech,Cellular & Molecular Biology,0.72,haiku,Healthcare & MedTech,Cellular & Molecular Biology,Y,Y,,,
69deca174e2d2a5b77ed33f3,Photocatalytic 1 and Antimicrobial activity study for Cadmium Sulphide Quantum Dots,"Cadmium Sulphide (CdS) Quantum dots (QDs) has been synthesised by using precipitation method. Structural and morphological characteristics of CdS QDs were measured by XRD, FT-IR, and FESEM techniques. The thermal properties of nanomaterial were also studied by thermogravimetric and differential scanning calorimetry. The optical band gap was calculated by using Tauc plot. The synthesised material was employed as a photocatalyst for the degradation of 2-chlorophenol (2-CP) under UV light irradiati",Advanced Materials & Devices,Rare-Earth Doped Luminescent Materials,0.65,haiku,Advanced Materials & Devices,Rare-Earth Doped Luminescent Materials,Y,Y,,,
69dec9fd4e2d2a5b77ecf541,Wireless Sensing Systems: A Review,"Wireless sensing is a state-of-the-art technology of acquiring information about a remote object and its characteristics without bringing into physical contact with it. Humans have various sensory systems, viz., vision, hear, and smell to observe the object from the remote in day-to-day life. The data from the surrounding can be acquired by means of acoustic waves, distribution of forces, and electromagnetic energy. The collected data can be analyzed to obtain useful information about the object",Next-Gen Communication,Antenna Design & RF Systems,0.6,haiku,Next-Gen Communication,Antenna Design & RF Systems,Y,Y,,,
69deca024e2d2a5b77ed007c,Neutron detector array at IUAC: Design features and instrumentation developments,The characteristics and performance of the newly commissioned neutron detector array at IUAC are described. The array consists of 100 BC501 liquid scintillators mounted in a semi-spherical geometry and are kept at a distance of 175 cm from the reaction point. Each detector is a 5″ × 5″ cylindrical cell coupled to 5″ diameter photomultiplier tube (PMT). Signal processing is realized using custom-designed home-made integrated electronic modules which perform neutron-gamma discrimination using zero,Quantum Technologies & Semiconductor Technology,Semiconductor Photovoltaic & Photodetection Devices,0.45,sonnet,Quantum Technologies & Semiconductor Technology,Semiconductor Photovoltaic & Photodetection Devices,Y,Y,,,
69deca414e2d2a5b77ed9115,"Science, education, and research in india","The state of science, education, and research in India is not satisfactory on either of two counts: the benefi ts that have accrued to society at large have not been commensurate with the scale of investments and comparisons with other countries can be very unfavourable.","Social Sciences, Humanities & Management",Digital Transformation & IT Applications,0.45,sonnet,"Social Sciences, Humanities & Management",Digital Transformation & IT Applications,Y,Y,,,
69dec9fc4e2d2a5b77ecf242,Equation of state of supernova matter,"The equation of state (EOS) of dense supernova matter composed of protons, neutrons, and relativistic electrons is calculated within finite temperature Brueckner Goldstone approach with effective two-body Sussex interaction and compared with asymmetric nuclear matter. Thermal effect on the EOS is studied at temperature 5, 7, and 10 MeV. The EOS of supernova matter is found to be stiffer than the corresponding asymmetric nuclear matter equation of state as expected. Single particle properties lik","AI/ML, Supercomputing & Quantum Computing",Computational Fluid Dynamics & Flow Analysis,0.45,sonnet,"AI/ML, Supercomputing & Quantum Computing",Computational Fluid Dynamics & Flow Analysis,Y,Y,,,
69deca454e2d2a5b77ed99f4,Improvement of the video camera system mounted on a balloon for supporting the visual census of river dolphins,"In order to increase the surfacing dolphin's detection probability by the balloon camera system similar to that of a human observer, improvements were made in the camera system on the balloon [1]. Followed by test on ground, fusion census of both acoustic and visual census with the improved camera system on the balloon was conducted at the same experiment site as 2016 for three days from 6 to 8 February, 2018. The performance of the improved balloon camera system for supporting the fusion census",Smart & Sustainable Infrastructure,Water Quality & Wastewater Management,0.45,sonnet,Smart & Sustainable Infrastructure,Water Quality & Wastewater Management,Y,Y,,,
69deca604e2d2a5b77edd646,A quantum peek inside the black hole event horizon,"Abstract: We solve the Klein-Gordon equation for a scalar field, in the background geometry of a dust cloud collapsing to form a black hole, everywhere in the (1+1) spacetime: that is, both inside and outside the event horizon and arbitrarily close to the curvature singularity. This allows us to determine the regularized stress tensor expectation value, everywhere in the appropriate quantum state (viz., the Unruh vacuum) of the field. We use this to study the behaviour of energy density and the ","AI/ML, Supercomputing & Quantum Computing",Computational Fluid Dynamics & Flow Analysis,0.45,sonnet,"AI/ML, Supercomputing & Quantum Computing",Computational Fluid Dynamics & Flow Analysis,Y,Y,,,
69dec9fa4e2d2a5b77ecede4,Biometrics based key management of double random phase encoding scheme using error control codes,"In this paper, an optical security system has been proposed in which key of the double random phase encoding technique is linked to the biometrics of the user to make it user specific. The error in recognition due to the biometric variation is corrected by encoding the key using the BCH code. A user specific shuffling key is used to increase the separation between genuine and impostor Hamming distance distribution. This shuffling key is then further secured using the RSA public key encryption to",Next-Gen Communication,"Signal Modulation, Detection & Channel Equalization",0.45,sonnet,Next-Gen Communication,"Signal Modulation, Detection & Channel Equalization",Y,Y,,,
69deca1f4e2d2a5b77ed47e8,Constraints on dark matter annihilation to fermions and a photon,"We consider Majorana dark matter annihilation to fermion-anti-fermion pair and a photon in the effective field theory paradigm, by introducing dimension 6 and dimension 8 operators in the Lagrangian. For a given value of the cut-off scale, the latter dominates the annihilation process for heavier dark matter masses. We find a cancellation in the dark matter annihilation to a fermion-anti-fermion pair when considering the interference of the dimension 6 and the dimension 8 operators. Constraints ","AI/ML, Supercomputing & Quantum Computing",Algorithms & Computational Complexity,0.45,sonnet,"AI/ML, Supercomputing & Quantum Computing",Algorithms & Computational Complexity,Y,Y,,,
69deca554e2d2a5b77edc3fc,A new stretcher design for easy manoeuvrability on narrow staircases and rough ground for developing countries,"Rough terrains with obstacles, narrow staircases and inadequate space to position the ambulance conveniently in relation to the exit door of houses, often encountered in developing countries like India, make it difficult if not impossible to carry patients using conventional stretchers. A novel two-wheeled stretcher to overcome the limitations has been designed, fabricated and tested for a decade. The special features allow even one stretcher operator to transport a patient over all types of gro",Healthcare & MedTech,Clinical Diagnostics & Biomarkers,0.45,sonnet,Healthcare & MedTech,Clinical Diagnostics & Biomarkers,Y,Y,,,
69deca1a4e2d2a5b77ed3b3f,BCLB: Blockchain-based Controller Load Balance for Safe and Reliable Resource Optimization,"Controller in software-defined network (SDN) can realize the intelligent load balancing of switches. However, the controller is lacking in the ability of global load management and control methods for managing multi-domain controllers. With the benefits of realizing decentralized, traceable, and trusted data sharing, blockchain can provide controllers with information such as inter-domain links and the global view to assist achieving global controller load balancing. We propose one global contro",Smart & Sustainable Infrastructure,Power Systems & Grid Control,0.45,sonnet,Smart & Sustainable Infrastructure,Power Systems & Grid Control,Y,Y,,,
69deca554e2d2a5b77edc1f4,Spatial variation of the two-fold anisotropic superconducting gap in a monolayer of FeS e0.5 T e0.5 on a topological insulator,"We present a low temperature scanning tunneling spectroscopy (STS) study of the superconducting properties of monolayers of FeSe0.5Te0.5 grown on the three-dimensional (3D) topological insulator Bi2Se1.2Te1.8. While the morphology and the overall transition temperature resembles those of similarly doped bulk crystals, we find a two-fold anisotropic s-wave gap function. The two-fold nature of the gap symmetry is evident from the Bogoliubov quasiparticle interference (QPI) pattern, which shows dis",Quantum Technologies & Semiconductor Technology,Semiconductor Photovoltaic & Photodetection Devices,0.45,sonnet,Quantum Technologies & Semiconductor Technology,Semiconductor Photovoltaic & Photodetection Devices,Y,Y,,,
69deca144e2d2a5b77ed2dc3,MEMS based Nonlinear Monostable Electromagnetic Vibrational Energy Harvester for Wider Bandwidth,This paper reports a wideband vibrational energy harvesting scheme using a MEMS based nonlinear electromagnetic transducer. The nonlinearity is incorporated in the proposed device through the stretching strain in addition to the bending of the fixed-guided configured beams of the designed structure. The thin spring structure is fabricated on Silicon-On-Insulator substrate with device layer thickness of 50 m. The MEMS spring structure is packaged and characterized with wire wound copper coil (NE1,Advanced Materials & Devices,Ion Beam & Thin Film Engineering,0.45,sonnet,Advanced Materials & Devices,Ion Beam & Thin Film Engineering,Y,Y,,,
69deca604e2d2a5b77edd444,Mapping and identification of quantitative trait loci controlling test weight and seed yield of pearl millet in multi agro-climatic zones of India,Pearl millet [Pennisetum glaucum (L.) R. Br.] is a climate-resilient nutri-cereal and is a staple food for the inhabitants of arid and semi-arid regions of the world. Context or problems: Yield stability is a major problem and requires exploiting key breeding strategies for the improvement of yield component traits in pearl millet. Objective or research question: The main objective of the present study was the genomic dissection of yield and its component traits by identifying multi-environmenta,"Social Sciences, Humanities & Management",Agricultural Economics & Consumer Behavior,0.45,sonnet,"Social Sciences, Humanities & Management",Agricultural Economics & Consumer Behavior,Y,Y,,,
69deca484e2d2a5b77eda37c,Performance analysis of R22 DMF turbo absorption refrigeration system,"Vapour absorption refrigeration systems are getting more and more important because of the recent energy crisis. The present work is to analyse a combined vapour compression and vapour absorption system for refrigeration which can operate on industrial waste processes steam. In this system, steam expands in the turbine, and the work of the turbine is fed to a compressor of the vapour compression refrigeration system, which runs the compression part of the system. The exhaust steam of the turbine","Energy, Sustainability & Climate Change",Grid Integration & Smart Microgrids,0.45,sonnet,"Energy, Sustainability & Climate Change",Grid Integration & Smart Microgrids,Y,Y,,,
69deca4d4e2d2a5b77edae72,Single beam Fourier transform digital holographic quantitative phase microscopy,"Quantitative phase contrast microscopy reveals thickness or height information of a biological or technical micro-object under investigation. The information obtained from this process provides a means to study their dynamics. Digital holographic (DH) microscopy is one of the most used, state of the art single-shot quantitative techniques for three dimensional imaging of living cells. Conventional off axis DH microscopy directly provides phase contrast images of the objects. However, this proces",Quantum Technologies & Semiconductor Technology,Semiconductor Photovoltaic & Photodetection Devices,0.45,sonnet,Quantum Technologies & Semiconductor Technology,Semiconductor Photovoltaic & Photodetection Devices,Y,Y,,,
69dec9f54e2d2a5b77ece314,Performance Enhancement of Savonius Bach Wind Turbine Rotor Using Axisymmetric Omnidirectional Deflector with Variation in Outer Plate Diameter,"Savonius vertical axis wind turbine (VAWT) is a promising option due to its ease of maintenance, low production costs, and ability to self-start at low wind speeds. The effects of variation in the outer plate diameter of an omnidirectional deflector on the performance of Bach rotor at a tip speed ratio (TSR) of 1.0 are investigated in the present 3D study. The computational methodology involves Unsteady Reynolds-Averaged Navier–Stokes equations and the SST k-ω turbulence model to simulate the th","Energy, Sustainability & Climate Change",Grid Integration & Smart Microgrids,0.45,sonnet,"Energy, Sustainability & Climate Change",Grid Integration & Smart Microgrids,Y,Y,,,
69deca244e2d2a5b77ed5399,On the grid and sensor networks,"The pervasive computing environment and the wired grid infrastructure can be combined to make the information grid truly pervasive. Interesting applications can be built by utilizing the computational abilities of the grid to answer queries on sensor data. We identify some of the research issues and challenges in building an infrastructure to support such applications. We present the design and preliminary implementation of the proposed infrastructure, identify the tradeoffs relating to sensor a",Smart & Sustainable Infrastructure,Urban Air Quality & Emissions Monitoring,0.45,sonnet,Smart & Sustainable Infrastructure,Urban Air Quality & Emissions Monitoring,Y,Y,,,
6a5418375ac95135d3b188d2,Developments and Scope of Space Food,"Humans have conducted numerous space missions in past decades and its success depends upon many factors, including astronaut health as the major factor. Health and nutrition are two vital components of life derived from food which helps in keeping one’s body alive, nourished as well as energetic, including the astronauts during their long-duration manned missions. With the advancement in research and technology, it became possible to include a wide variety of dishes in the space menu, with most ",Healthcare & MedTech,Clinical Diagnostics & Biomarkers,0.45,sonnet,Healthcare & MedTech,Clinical Diagnostics & Biomarkers,Y,Y,,,
69deca554e2d2a5b77edc200,Sensitivity of a Mance configured Wheatstone bridge for the determination of internal resistance of a cell,"Normally the sensitivity of the Wheatstone bridge in the conventional position is not much different from that in the conjugate position. In other words, the sensitivity in the two positions is of the same order. This is true for the case when all the four arms are pure resistances. In this paper we have shown that in Mance's configuration, when the unknown arm consists of a cell, the conjugate position is far more sensitive than the conventional one particularly for higher values of R<inf>1</in",Quantum Technologies & Semiconductor Technology,Ultra-Low Voltage Analog Circuits,0.45,sonnet,Quantum Technologies & Semiconductor Technology,Ultra-Low Voltage Analog Circuits,Y,Y,,,
69deca044e2d2a5b77ed0431,Propagation of gaussian beams through parabolic index optical waveguides with random dielectric constant gradient,"The propagation of gaussian beams through parabolic index optical waveguides having random irregularities in the dielectric constant gradient has been studied. For fundamental mode propagation, the perturbation approach has been employed and an analytic expression for the loss of power from the fundamental mode has been obtained. For an incident gaussian beam with arbitrary width, geometrical optics approximation has been used and an exact analytical expression for the average value of the beamw",Next-Gen Communication,Antenna Design & RF Systems,0.45,sonnet,Next-Gen Communication,Antenna Design & RF Systems,Y,Y,,,
69deca494e2d2a5b77eda615,Effective Teaching of Mechanism Synthesis using MechAnalyzer Software,"Mechanisms are found in every machine or system with relative motion between its components. Dimensional synthesis of a mechanism is the process of identifying the length of the linkages to obtain desired motion of the mechanism. A visualization software to determine the length of the linkages and show the motion of the resulting mechanism is desirable for effective teaching. In this paper, a new module in MechAnalyzer software is reported which aims to achieve the same. In its current form, it ",Manufacturing & Industry 4.0,Rotor Dynamics & Vibration Analysis,0.45,sonnet,Manufacturing & Industry 4.0,Rotor Dynamics & Vibration Analysis,Y,Y,,,
69dec9fa4e2d2a5b77ecedec,Optics based biohashing using joint transform correlator,"Most authentication process uses password and personal identification numbers (PIN) for security purposes. In order to remove the problem of hacking or stealing of the password and PIN numbers, there has been an increased interest in the utilization of specific biometric feature of the user. Recently, biohashing systems have been introduced for automatic biometric recognition. In a biohashing system, biohash codes are generated using the feature of the biometric. A basic biohashing system involv",Healthcare & MedTech,Clinical Biosensors & Point-of-Care Devices,0.45,sonnet,Healthcare & MedTech,Clinical Biosensors & Point-of-Care Devices,Y,Y,,,
69deca544e2d2a5b77edc134,Nuclear and reflexive properties of some locally convex topologies on C(X),"For a nonempty family λ of nonempty bounded subsets of a topological space X, C<inf>λ,u</inf> (X) denotes the space C(X), of all real-valued continuous functions on a Tychonoff space X, equipped with the uniform topology generated by the family λ; and it is a locally convex space. The aim of this paper is to study the situations when C<inf>λ,u</inf> (X) can be a special kind of locally convex space such as a nuclear space, a Schwartz space or a semi-reflexive space. We also investigate when it i","AI/ML, Supercomputing & Quantum Computing",Algorithms & Computational Complexity,0.45,sonnet,"AI/ML, Supercomputing & Quantum Computing",Algorithms & Computational Complexity,Y,Y,,,
69deca494e2d2a5b77eda649,Simulation of haptics force law using SimMechanics and Simulink,"Haptic devices are special robotic devices that convey interaction forces from the virtual reality environment to the human operator. Since the human operator holds the device for interaction, ensuring the stability of these systems is very important. In this paper we present our work in analyzing and identifying the stability bounds of these haptics systems, namely the Z-width, specifically for multi-DOF (Degrees of Freedom) systems. Multi-DOF systems are usually modelled with complex dynamic e",Manufacturing & Industry 4.0,Rotor Dynamics & Vibration Analysis,0.45,sonnet,Manufacturing & Industry 4.0,Rotor Dynamics & Vibration Analysis,Y,Y,,,
69deca214e2d2a5b77ed4d54,Thermal and particle size effects in magnesium oxide,"X-ray line widths, surface areas and heats of solution of MgO samples prepared by vacuum dehydration of Mg(OH)<inf>2</inf> at different temperatures in the range 350-1 200°C have been studied. While the surface energy of particles shows a steady decrease with the temperature of preparation, the heats of solution shows an abrupt decrease over a narrow temperature range. The results have been interpreted in terms of pseudocrystallization of the highly disordered oxide followed by sintering; the ps",Advanced Materials & Devices,Alloys & Structural Metals,0.45,sonnet,Advanced Materials & Devices,Alloys & Structural Metals,Y,Y,,,
69deca5e4e2d2a5b77edcfec,Efficient Content Distribution in Fog-Based CDN: A Joint Optimization Algorithm for Fog-Node Placement and Content Delivery,"Efficient content distribution to end-users poses a significant challenge in content distribution networks (CDNs). Traditional CDNs rely on cloud-based architectures, which may not be optimal for delivering content in densely populated areas due to increased network latency and bandwidth limitations. These problems can be mitigated by adopting fog/edge computing, which deploys computing nodes near end-users to reduce latency and improve content delivery. Although factors such as deployment and d",Smart & Sustainable Infrastructure,Power Systems & Grid Control,0.45,sonnet,Smart & Sustainable Infrastructure,Power Systems & Grid Control,Y,Y,,,
69deca3e4e2d2a5b77ed8909,BEHAVIOURAL DESIGN FOR MEDICAL ERRORS DURING PATIENT DIAGNOSIS PROCESS,"The health and well-being sector has been of significant interest to the behavioural design domain since bringing in behavioural changes can help improve the overall well-being of a community. However, the domain's intervention in this sector has been limited to persuasive techniques for the adoption of healthier lifestyles. There is a need to consider the diagnostic actions and decisions undertaken by doctors as it represents an important part of health and well-being improvement of people. Med","Social Sciences, Humanities & Management",Digital Culture & Consumer Experience,0.45,sonnet,"Social Sciences, Humanities & Management",Digital Culture & Consumer Experience,Y,Y,,,
69deca5d4e2d2a5b77edcd85,In vitro selection of NaHCO3 tolerant cultivars of Morus alba (Local and Sujanpuri) in response to morphological and biochemical parameters,"In vitro experiments were conducted to study the effect of NaHCO <inf>3</inf> (alkalinity) stress on saplings of Moms alba (cv. Local and Sujanpuri) cultured from nodal explants. For shoot multiplication 2.5 mg/1 of 6-benzylaminopurine (BAP) with 0.3 mg/1 gibberellic acid (GA<inf>3</inf>) were used and root formation was induced with 1.0 mg/1 of indolebutyric acid (IBA). NaHCO<inf>3</inf> salt was added to the culture medium in three concentrations, i.e. 3.57, 20.0 and 59.0mM that increased pH t",Advanced Materials & Devices,Bio-based Materials & Polymers,0.45,sonnet,Advanced Materials & Devices,Bio-based Materials & Polymers,Y,Y,,,
69deca494e2d2a5b77eda5c5,Multibody Dynamics Software-Based Simulation of a Game for a Robotics Competition,"Due to advancements in the area of robotics and automation, there is a need of skills for engineers. They are obtained through various workshops, seminars, conferences and participating in various competitions. Apart from the practical work skills, there is a requirement of proper software-based skills to get an idea of the performance of final tasks on the field. This paper presents the use of such a multi-body dynamics software for simulating the game of a robotics competition to check the eff",Manufacturing & Industry 4.0,Rotor Dynamics & Vibration Analysis,0.45,sonnet,Manufacturing & Industry 4.0,Rotor Dynamics & Vibration Analysis,Y,Y,,,
69deca514e2d2a5b77edb7db,QTL mapping for abiotic stress in legumes,Legumes are well documented for their impact in maintaining sustainable agricultural systems along with their health and nutritional benefit. Legumes rank third in global crop production and abiotic stress is the foremost constraint that limits crop productivity. Legumes are traditionally grown in rainfed/marginal areas and have evolved mechanisms for tolerance to abiotic stresses. Global climate change emphasizes the need for development of climate-resilient legume varieties. Legumes experience,"Social Sciences, Humanities & Management",Agricultural Economics & Consumer Behavior,0.45,sonnet,"Social Sciences, Humanities & Management",Agricultural Economics & Consumer Behavior,Y,Y,,,
69deca214e2d2a5b77ed4d0b,Lie ideals in group rings,"Let U be a Lie ideal of an associative unitary ring R. It is proved that if U is Lie nilpotent of class n≥3, then y<inf>3</inf>(U)R is a nilpotent ideal of index at most 2n-4 and every element of y<inf>2</inf>(U) is nilpotent for a proper Lie ideal U(i.e. U≠R) provided 2 is invertible in R. If R is a Lie nilpotent associative algebra of characteristic p>0, then the Lie commutators {[x,y]=xy-y|x,yε{lunate}R} generate a nil ideal of bounded exponent. Further, if R=K[G], the group algebra of a grou","AI/ML, Supercomputing & Quantum Computing",Algorithms & Computational Complexity,0.45,sonnet,"AI/ML, Supercomputing & Quantum Computing",Algorithms & Computational Complexity,Y,Y,,,
69deca024e2d2a5b77ed00ad,Correlation of kinetic moment of inertia with power formula index,"The level energies of ground band of even Z, even N nuclei may be reproduced well with good accuracy by using the power index formula E = aI <sup>b</sup>. In an earlier study of the dependence of the kinetic moment of inertia (MoI) J <sup>(1)</sup> on spin I, a possible correlation of the MoI J <sup>(1)</sup> with power index ""b"" was suggested. Here we illustrate that the slope of the kinetic MoI versus spin I corresponds to the magnitude of the index ""b"" for several isotopes in the A = 100150 r","AI/ML, Supercomputing & Quantum Computing",Algorithms & Computational Complexity,0.45,sonnet,"AI/ML, Supercomputing & Quantum Computing",Algorithms & Computational Complexity,Y,Y,,,
69deca2d4e2d2a5b77ed6767,Performance evaluation of a hydrogen-fuelled spark ignition engine using electronically controlled solenoid-actuated injection system,This paper discusses the development of an electronically controlled gas injection system for a hydrogen-fuelled spark ignition engine. In view of its typical combustion characteristics the mode of fuelling plays a critical role for practical operation of a hydrogen engine. The system developed should have adequate flexibility to provide the appropriate mixture into the engine at the appropriate point in the engine cycle operation. The present work describes in detail the design considerations o,"Energy, Sustainability & Climate Change",Carbon Utilization & Chemical Conversion,0.45,sonnet,"Energy, Sustainability & Climate Change",Carbon Utilization & Chemical Conversion,Y,Y,,,
6a26be432b6042b76389b535,Comprehensive spectral and imaging studies of marble to assess the environmental damage using ULF Raman and THz absorption studies,"Taj Mahal, made of exquisite white calcite, continues to deteriorate due to the emission of sulphur dioxide, methane etc. by industries and vehicular exhaust caused by the dense population in the region. Our previous collaborative works on samples with Pietra-Dura works already showed damages and irregularities including surface discolouration due to methane, water inclusions in the volume, and sub-surface cracks employing micro-Raman spectroscopy, broadband Terahertz Time Domain Imaging (THz-TD",Advanced Materials & Devices,Rare-Earth Doped Luminescent Materials,0.45,sonnet,Advanced Materials & Devices,Rare-Earth Doped Luminescent Materials,Y,Y,,,
69deca3c4e2d2a5b77ed85a1,Comparative Analysis of Savonius Type Ultra-Micro Hydrokinetic Turbine of Experimental and Computational Investigation,"Kinetic energy available in river streams can be harnessed to produce electricity in remote villages where power grid is unavailable. Savonius hydrokinetic turbine (SHKT) can be the solution to this issue as it is easy to construct, environment friendly and cost-effective. The performance of SHKT depends on the turbine geometry, the blade profile and the properties of the fluid. The experimental setup to evaluate the influence of these parameters in the laboratory can be very costly as it requir","Energy, Sustainability & Climate Change",Biomass & Biofuel Technologies,0.45,sonnet,"Energy, Sustainability & Climate Change",Biomass & Biofuel Technologies,Y,Y,,,
69deca604e2d2a5b77edd639,Nonlocal correlations of a test quantum field in gravitational collapse,"Quantum correlations across the horizon could be pivotal in resolving the puzzles surrounding the quantum aspects of black holes and the Hawking radiation. The peaks in the equal time correlation function are typically attributed to entangled particle excitations. In this work, we have investigated the evolution of correlations of a test quantum field on a dynamical background spacetime undergoing a gravitational collapse. In the case of a supercritical collapse, as the black hole and its horizo","AI/ML, Supercomputing & Quantum Computing",Algorithms & Computational Complexity,0.45,sonnet,"AI/ML, Supercomputing & Quantum Computing",Algorithms & Computational Complexity,Y,Y,,,
69deca604e2d2a5b77edd604,Determining efficiency factor of fly ash for the design and strength prediction of concrete,"Although fly ash is widely used in concrete today, oftentimes strength development in fly ash concrete becomes a concern. The compressive strength of fly ash concrete can be made comparable with that of ordinary Portland cement (OPC) concrete by using efficiency factor (k-value) of fly ash. This paper presents a method of determining efficiency factor of fly ash. It is based on the consideration that efficiency factor depends on fly ash percentage. Improvement in durability characteristics with ",Smart & Sustainable Infrastructure,Building Energy & Thermal Performance,0.45,sonnet,Smart & Sustainable Infrastructure,Building Energy & Thermal Performance,Y,Y,,,
6a26bb872b6042b763899fe1,First (calibration) experiment using proton beam from FRENA at SINP,"This work presents the first calibration experiment of a 3 MV Tandetron accelerator, FRENA, performed in May 2022. The $^7$Li(p,n) reaction threshold was measured to calibrate the terminal voltage measuring device. A LiF target of thickness 175 $\mu$g/cm$^2$ was used in the experiment. The measured threshold was 1872$\pm$2.7 keV, indicating 6$-$10 keV energy shift.",Quantum Technologies & Semiconductor Technology,Wide Bandgap Semiconductors & Devices,0.45,sonnet,Quantum Technologies & Semiconductor Technology,Wide Bandgap Semiconductors & Devices,Y,Y,,,
69deca454e2d2a5b77ed9943,Study of physiological potentiality of callus and plant regeneration through somatic embryogenesis in rice variety swarna,"The regeneration protocol was developed from dehusked and sterilized seeds of rice variety Swarna (MTU 7029) to study callus induction, callus growth rate and regeneration potentiality. Different ranges of 2,4-D (1-4 mg L <sup>-1</sup>) and combinations of 6-Benzyl Aminopurine (BAP) (2-4 mg L <sup>-1</sup>) and a-Naphthalene Acetic Acid (NAA) (1 mg L <sup>-1</sup>) were used for callus induction, somatic embryo formation and plantlets regeneration respectively. Ninty six percent callus induction",Advanced Materials & Devices,Bio-based Materials & Polymers,0.45,sonnet,Advanced Materials & Devices,Bio-based Materials & Polymers,Y,Y,,,
6a5418375ac95135d3b188e0,Resonance-Based Object Sensing System for Soft Robotic Skin in Human Cooperative Robots,"This article presents a resonance-based object sensing system (ROSS) for soft robotic skin applications to enhance human safety in human cooperative robots (HCRs). The proposed system utilizes the single-conductor power transfer (SCPT) methodology, enabling the ROSS coil to be integrated into the soft skin of robotic arm end effectors or fingers while operating with minimal power consumption (-16 to -56 dBm). The ROSS coil provides passive voltage gain due to its high quality factor (Q > 550). D",Manufacturing & Industry 4.0,Rotor Dynamics & Vibration Analysis,0.42,sonnet,Manufacturing & Industry 4.0,Rotor Dynamics & Vibration Analysis,Y,Y,,,
69dec9f54e2d2a5b77ece386,A comparison of tapered and straight circular pin-fin compact heat exchangers for electronic appliances,"Pin-fin heat exchangers are widely used for cooling of thermally laden electronic components. In the present paper, tapered pin fins with circular cross section placed horizontally in the staggered arrangement on a heated base plate are investigated numerically under the steady-state conditions. Aluminum is considered to be the material of pin fins. The performance of a heat exchanger has been assessed for four inlet flow velocities. Two angles of tapered pin fins have been considered, namely, 2",Manufacturing & Industry 4.0,"Materials, Joining & Mechanical Behavior",0.42,sonnet,Manufacturing & Industry 4.0,"Materials, Joining & Mechanical Behavior",Y,Y,,,
69deca244e2d2a5b77ed53b4,Trust-based security in pervasive computing environments,A security architecture based on trust for pervasive computing systems is proposed. A distributed trust model which extends simple public key infrastructure (SPKI) and role-based access control (RBAC) is presented. The approach uses ontologies including properties and constraints expressed in an XML-based language.,Next-Gen Communication,Wireless Network Access & Resource Allocation,0.42,sonnet,Next-Gen Communication,Wireless Network Access & Resource Allocation,Y,Y,,,
69deca3f4e2d2a5b77ed8b49,Fabrication of Freestanding Metallic MEMS Actuator for Minimal Stress-Induced Air-gap Variations,"Suspended micro/nano-structures are the essential building blocks for a variety of micro/nano electromechanical (N/MEMS) applications. Owing to process variability these suspended blocks comprised significant residual-stress/stress-gradient during the fabrication, resulting in curled actuator profile that directly affects the actuation-gap ($G$). The electrostatic switching devices are highly sensitive to gap variations (as pull-in voltage, $V_{pi}^{2}\propto G^{3}$). The present method and the ",Quantum Technologies & Semiconductor Technology,Ultra-Low Voltage Analog Circuits,0.42,sonnet,Quantum Technologies & Semiconductor Technology,Ultra-Low Voltage Analog Circuits,Y,Y,,,
69deca394e2d2a5b77ed800f,In vitro rhizogenesis of Morus alba by mycorrhizal extracts under saline stress,"In vitro experiments were conducted to evaluate the efficacy of arbuscular mycorrhiza (AM) colonized root extracts of four plant species namely Trigonella foenum graecum, Ricinus communis, Solanum melongena and Morus alba (var. sujanpuri) on rhizogenesis of Morus alba (var. sujanpuri) under sodium chloride (NaCl) stress. The AM fungi (Glomus and Gigaspora species) were multiplied on above-mentioned four host plant species separately and the mycorrhizal root extracts were prepared by homogenizing",Advanced Materials & Devices,Bio-based Materials & Polymers,0.42,sonnet,Advanced Materials & Devices,Bio-based Materials & Polymers,Y,Y,,,
69deca3b4e2d2a5b77ed82b8,Camoufler: Accessing the Censored Web by Utilizing Instant Messaging Channels,"Free and open communication over the Internet is considered a fundamental human right, essential to prevent repressions from silencing voices of dissent. This has led to the development of various anti-censorship systems. Recent systems have relied on a common blocking resistance strategy i.e., incurring collateral damage to the censoring regimes, if they attempt to restrict such systems. However, despite being promising, systems built on such strategies pose additional challenges, viz., deploym",Next-Gen Communication,Wireless Network Access & Resource Allocation,0.42,sonnet,Next-Gen Communication,Wireless Network Access & Resource Allocation,Y,Y,,,
69deca234e2d2a5b77ed51e0,Double random phase encoding based optical encryption systems using some linear canonical transforms: Weaknesses and countermeasures,"During the last two decades or so, a large number of optical information security systems have been proposed by researchers, by exploiting various inherent advantages of optics, with a view to gaining superiority over the existing digital security systems. Among them, double random phase encoding (DRPE) scheme is the oldest and most exhaustively explored optical scheme. However, symmetric nature and linearity prove to be bane of the DRPE scheme, and give an open invitation to unauthorized users ",Next-Gen Communication,"Signal Modulation, Detection & Channel Equalization",0.42,sonnet,Next-Gen Communication,"Signal Modulation, Detection & Channel Equalization",Y,Y,,,
69deca174e2d2a5b77ed3479,Dissociative chemisorption of hydrogen molecules on defective graphene-supported aluminium clusters: A computational study,"Using periodic density functional theory-based calculations, in the present study, we address the chemical bonding between aluminium clusters (Al<inf>n</inf>, n = 4-8 and 13) and monovacant defective graphene. The adsorption strength of the above-mentioned aluminium clusters is fivefold (∼3 to 5 eV) higher on defective graphene as compared to the earlier reported values on non-defective graphene and BN-doped graphene. The Bader charge analysis and different charge densities reveal that this adso",Advanced Materials & Devices,Composite & Laminate Structures,0.42,sonnet,Advanced Materials & Devices,Composite & Laminate Structures,Y,Y,,,
69deca154e2d2a5b77ed2e4b,Energy audit and waste heat recovery from kiln hot shell surface of a cement plant,"In this study, a cement rotary kiln is taken as centre of discussions where thermodynamics of rotary kiln, energy losses, refractory selection and their impact, temperature profile of rotary kiln with various examples of recovering losses of high kiln shell temperature are investigated. The data are referred from a cement plant and modeling is done with related calculations and SEIDER TATE analysis using MATLAB code 45 tool. In a cement rotary kiln, high temperature heat is directly dissipated i","Energy, Sustainability & Climate Change",Carbon Utilization & Chemical Conversion,0.42,sonnet,"Energy, Sustainability & Climate Change",Carbon Utilization & Chemical Conversion,Y,Y,,,
69dec9f74e2d2a5b77ece8cf,Multidisciplinary robust design optimization considering parameter and metamodeling uncertainties,"Multidisciplinary robust design optimization (MRDO) is a useful tool to improve the stability of the performance of complex engineering systems involving uncertainty. However, the majority of existing MRDO studies only consider the parameter uncertainty. Metamodeling uncertainty, defined as the discrepancy between the computer model and metamodel at un-sampled locations, is often overlooked in MRDO. To solve the multidisciplinary problems under parameter and metamodeling uncertainties, this pape",Manufacturing & Industry 4.0,"Materials, Joining & Mechanical Behavior",0.42,sonnet,Manufacturing & Industry 4.0,"Materials, Joining & Mechanical Behavior",Y,Y,,,
69deca424e2d2a5b77ed9263,Hybrid Stars in the Light of GW170817,"We have studied the effect of the tidal deformability constraint given by the binary neutron star merger event GW170817 on the equations of state (EOS) of hybrid stars. The EOS are constructed by matching the hadronic EOS described by the relativistic mean-field model and parameter sets NL3, TM1, and NL3ωρ with the quark matter EOS described by the modified MIT bag model, via a Gibbs construction. It is found that the tidal deformability constraints along with the lower bound on the maximum mass","AI/ML, Supercomputing & Quantum Computing",Computational Fluid Dynamics & Flow Analysis,0.35,sonnet,"AI/ML, Supercomputing & Quantum Computing",Computational Fluid Dynamics & Flow Analysis,Y,Y,,,
69deca664e2d2a5b77ede5dd,The Inner Coronagraph on Board ADITYA-L1 and Automatic Detection of CMEs,Visible Emission Line Coronagraph (VELC) on board ADITYA-L1 is an internally occulted coronagraph with mirror as its primary objective element. It has a field of view (FOV) starting from 1.05 RŠ-3 RŠ. It will observe the corona in continuum centered at 5000 Å and will perform spectroscopic observations of inner corona in two visible (5303 Å and 7892 Å) and one infrared (10747 Å) wavelengths. VELC will be capable of observing the corona with high spatial and temporal resolutions. We present an ov,Quantum Technologies & Semiconductor Technology,Semiconductor Photovoltaic & Photodetection Devices,0.35,sonnet,Quantum Technologies & Semiconductor Technology,Semiconductor Photovoltaic & Photodetection Devices,Y,Y,,,
69deca5b4e2d2a5b77edcb22,Synthesis of hollow shell TiO2 nanostructures enclosing Au nanoparticles and evaluation of their photoelectrocatalytic activity,Titania hollow shell structures enclosing Au nanoparticles (NPs) Void@Au@TiO<inf>2</inf> were synthesized and applied for photoelectrochemical and chemical catalysis. SiO<inf>2</inf> nanospheres were first synthesized to be used as templates for the nanostructures. These SiO<inf>2</inf> nanospheres were then functionalized with gold nanoparticles (Au NP) using a bifunctional linker APTES [(3-Aminopropyl)triethoxysilane]. A titania coating was carried out on these Au-decorated SiO<inf>2</inf> sph,Advanced Materials & Devices,Rare-Earth Doped Luminescent Materials,0.35,sonnet,Advanced Materials & Devices,Rare-Earth Doped Luminescent Materials,Y,Y,,,
69deca3f4e2d2a5b77ed8cc5,Size effects in plasmonic gold nanorod based Pd-rGO hybrid catalyst for promoting visible-light-driven Suzuki-Miyaura coupling reaction,"The studies on the phenomenon of surface plasmon resonance effect by noble metal-based nanoparticles (NPs) have largely been focused on the quantitative enhancement of reaction rates and investigating the mechanistic pathway of the reaction. However, the detailed analysis of the structure-property relation of plasmonic NPs and catalytic performance along with the contribution of absorption vs scattering remains limited. This report focuses on the comparison of the catalytic performance of differ",Advanced Materials & Devices,Rare-Earth Doped Luminescent Materials,0.35,sonnet,Advanced Materials & Devices,Rare-Earth Doped Luminescent Materials,Y,Y,,,
69dec9fc4e2d2a5b77ecf25a,Structure of the vacuum in nuclear matter: A nonperturbative approach,We compute the vacuum polarization correction to the binding energy of nuclear matter in the Walecka model using a nonperturbative approach. We first study such a contribution as arising from a ground-state structure with baryon-antibaryon condensates. This yields the same results as obtained through the relativistic Hartree approximation of summing tadpole diagrams for the baryon propagator. Such a vacuum is then generalized to include quantum effects from meson fields through scalar-meson cond,"AI/ML, Supercomputing & Quantum Computing",Computational Fluid Dynamics & Flow Analysis,0.35,sonnet,"AI/ML, Supercomputing & Quantum Computing",Computational Fluid Dynamics & Flow Analysis,Y,Y,,,
69deca594e2d2a5b77edc870,Three-level AHP-based heuristic approach for a multi-objective facility layout problem,"In real decision making problems, many conflicting objectives have to be taken into account. With increasing awareness of this, multi-objective problems have become more and more popular. Similarly, the design of the multi-objective facility layout problem (MOFLP) has generally been recognised as an important issue in the modern manufacturing system. The MOFLP is formulated as a quadratic assignment problem (QAP) which is NP-hard and solving MOFLP is a tough problem. A new three-level AHP-based ","Social Sciences, Humanities & Management",Supply Chain & Operations Management,0.35,sonnet,"Social Sciences, Humanities & Management",Supply Chain & Operations Management,Y,Y,,,
69deca004e2d2a5b77ecfc6f,Chromatographic and electrophoretic migration parameters in capillary electrochromatography,"Chromatographic retention factor, k′, as defined in high-performance liquid chromatography (HPLC) in terms of the migration times of the separand and the inert tracer, has limited applicability to capillary electrochromatography (CEC) when both chromatographic and electrophoretic processes determine the magnitude of the overall migration rates of the separands. This situation is unlike that in HPLC, where k′ serves as a useful peak locator for the various sample components, as well as, provides ","AI/ML, Supercomputing & Quantum Computing",Algorithms & Computational Complexity,0.35,sonnet,"AI/ML, Supercomputing & Quantum Computing",Algorithms & Computational Complexity,Y,Y,,,
69deca374e2d2a5b77ed7b9b,Control Charts for the Percentiles of an Inverse Pareto Distribution Under Complete and Middle-Censored Data,"In this paper, we aim to develop the Shewhart-type control charts for monitoring the percentiles of an inverse Pareto distribution (IPD) using the complete and middle-censored data sets. We obtain the maximum likelihood (ML) estimators of the percentile function under both cases. Furthermore, we discuss the asymptotic properties of the ML estimators and use them to develop the Shewhart-type control charts. A large-scale simulation analysis is performed to investigate the in-control (IC) performa",Manufacturing & Industry 4.0,Rotor Dynamics & Vibration Analysis,0.35,sonnet,Manufacturing & Industry 4.0,Rotor Dynamics & Vibration Analysis,Y,Y,,,
69deca534e2d2a5b77edbd5b,Quality control analysis of high-value agarwood oil by thermogravimetric analysis (TGA),"Adulteration is a crucial issue being faced by essential oil and allied industries, especially for high-value essential oil such as agarwood oil. The recommended analysis in trading essential oils involves visual inspection, olfactory analysis, physico-chemical characterization and gas chromatography coupled with mass spectroscopy (GC–MS). However, some subtle high-boiler adulterants like vegetable oils and synthetic polymers go unnoticed via these analyses leading to the penetration of adultera",Manufacturing & Industry 4.0,Biomanufacturing & Fermentation Processes,0.35,sonnet,Manufacturing & Industry 4.0,Biomanufacturing & Fermentation Processes,Y,Y,,,
69deca194e2d2a5b77ed39ce,Traffic engineering in software defined networks: A survey,"An important technique to optimize a network and improve network robustness is traffic engineering. As traf- fic demand increases, traffic engineering can reduce service degradation and failure in the network. To allow a network to adapt to changes in the traffic pattern, the research com- munity proposed several traffic engineering techniques for the traditional networking architecture. However, the traditional network architecture is difficult to manage. Software Defined Networking (SDN) is a ",Smart & Sustainable Infrastructure,Transportation Systems & Traffic Management,0.32,sonnet,Smart & Sustainable Infrastructure,Transportation Systems & Traffic Management,Y,Y,,,
6a26be772b6042b76389b6a6,Experimental Investigation of Propeller Aerodynamics and Aeroacoustics in Ground Effect Over Solid and Perforated Surfaces,"This experimental study examines the aerodynamic and aeroacoustic behavior of a two-bladed propeller operating in ground effect over solid and perforated ground surfaces. Measurements are conducted at 5000 and 7000 RPM across a range of height ratios spanning in-ground-effect (IGE) and out-of-ground-effect (OGE) conditions. Three configurations are considered: a solid baseline, an impermeable cavity-backed perforated surface, and a fully permeable perforated surface. From an aerodynamic perspect",Next-Gen Communication,Antenna Design & RF Systems,0.25,sonnet,Next-Gen Communication,Antenna Design & RF Systems,Y,Y,,,
69deca024e2d2a5b77ed00fa,Shape coexistence and high spin states in Cr52,"High spin states in Cr52 have been populated by means of the reaction Al27(Si28,3p)Cr52 at a beam energy of 70 MeV and studied with an array, consisting of eight Compton-suppressed clover germanium detectors. Eleven new γ rays have been assigned to Cr52 and placed in the level scheme. The level structure of Cr52 has been extended up to Ex 10 MeV. Spins and parities have been assigned to many of the levels on the basis of directional correlations and linear polarization measurements. The band str",Advanced Materials & Devices,Ferroelectric & Magnetic Ceramics,0.25,sonnet,Advanced Materials & Devices,Ferroelectric & Magnetic Ceramics,Y,Y,,,
